year,week,SAN JOSE,ALAJUELA,HEREDIA,SAN CARLOS,PUNTARENAS,DESAMPARADOS,CARTAGO,PEREZ ZELEDON,POCOCI,MONTES DE OCA,LIBERIA,GOICOECHEA,LIMON,SANTA CRUZ,GARABITO,SIQUIRRES,SAN RAMON,NICOYA,QUEPOS,CURRIDABAT,TURRIALBA,LA UNION,TIBAS,OSA,TALAMANCA,ESCAZU,SARAPIQUI,MATINA,CORREDORES,ALAJUELITA,GOLFITO,MORAVIA,UPALA,GRECIA,SANTA ANA,SAN RAFAEL,GUACIMO,VASQUEZ DE CORONADO,CARRILLO,SANTO DOMINGO,OROTINA,BUENOS AIRES,ASERRI,PARAISO,COTO BRUS,PARRITA,BARVA,ESPARZA,LOS CHILES,BELEN,EL GUARCO,SANTA BARBARA,OREAMUNO,PURISCAL,SAN PABLO,PALMARES,ATENAS,FLORES,NARANJO,CANAS,POAS,BAGACES,LA CRUZ,MORA,ABANGARES,TILARAN,SAN ISIDRO,GUATUSO,JIMENEZ,MONTES DE ORO,TARRAZU,ALVARADO,ACOSTA,LEON CORTES,SAN MATEO,VALVERDE VEGA,RIO CUARTO,NANDAYURE,HOJANCHA,TURRUBARES,ZARCERO,DOTA,MONTEVERDE
2015,1,61,36,19,22,17,14,11,12,9,9,17,9,15,14,14,5,10,13,8,7,7,3,11,8,5,3,7,6,6,10,8,2,6,5,5,3,1,7,7,5,5,6,5,4,4,4,2,5,4,6,2,1,1,1,1,1,1,1,3,7,4,0,0,3,1,5,1,1,1,0,2,4,1,0,1,1,0,0,1,0,0,3,0
2015,2,123,60,37,31,29,17,25,28,26,16,29,16,20,16,13,25,11,15,13,14,8,17,19,11,6,14,10,13,9,6,14,6,12,8,4,7,7,4,8,5,1,3,5,4,2,6,3,6,4,5,11,6,3,4,3,3,8,9,4,10,3,0,1,3,2,3,6,0,4,2,1,2,2,3,0,1,0,0,1,2,2,0,0
2015,3,136,51,33,27,31,26,38,26,38,22,22,16,20,268,12,12,12,19,10,8,7,15,11,9,5,21,13,12,8,19,10,11,10,16,6,5,9,6,11,9,3,9,3,2,9,6,2,5,4,5,10,5,7,5,7,36,3,2,6,16,3,1,1,4,2,6,2,0,1,1,0,1,0,3,2,2,0,2,2,0,1,3,0
2015,4,132,44,39,36,36,22,30,22,27,24,17,21,21,20,10,16,17,19,14,12,14,10,16,9,10,15,14,7,12,16,16,12,9,13,3,12,9,3,7,12,3,8,8,4,7,4,8,6,2,2,4,2,8,2,4,33,0,3,1,9,4,2,4,4,3,8,0,2,3,1,1,3,1,3,4,0,0,2,2,1,0,2,0
2015,5,136,70,36,50,43,21,29,23,26,11,21,14,23,15,10,16,17,18,20,9,11,9,22,8,6,19,13,11,13,8,9,7,17,7,8,6,6,10,15,6,10,8,2,9,6,4,8,7,4,7,4,4,4,7,0,3,0,3,6,16,3,1,5,4,3,3,1,1,4,2,1,1,0,0,0,2,0,3,1,1,1,2,0
2015,6,146,66,39,31,44,38,28,26,27,20,30,12,23,25,13,14,18,49,16,21,13,20,14,8,6,9,17,13,13,12,20,13,18,14,6,5,6,8,8,7,2,10,6,7,7,9,7,3,3,6,8,0,6,4,6,3,8,3,4,10,6,1,4,3,1,3,3,3,1,1,1,0,1,1,0,4,0,2,1,0,0,1,0
2015,7,136,46,45,42,72,31,31,21,36,23,20,21,19,20,22,23,13,22,13,17,21,17,8,10,4,12,11,15,17,12,12,5,12,12,8,11,13,6,8,5,7,13,3,4,4,4,5,3,8,5,7,5,3,9,4,4,7,4,1,5,4,2,5,3,4,5,1,1,2,2,0,1,1,1,0,3,0,2,0,0,0,1,0
2015,8,133,64,45,29,43,34,29,45,27,25,24,19,34,15,13,16,23,19,18,17,17,18,18,22,7,11,12,10,7,12,12,10,12,16,3,6,4,4,5,6,10,4,7,13,6,10,5,4,5,4,9,3,2,7,3,2,7,4,8,15,4,2,4,0,2,8,0,4,1,3,3,2,0,0,1,3,0,2,2,0,0,1,0
2015,9,133,55,35,34,36,29,33,25,36,23,30,18,24,10,15,24,21,15,20,23,13,14,13,19,9,17,8,11,14,8,18,5,15,11,9,8,11,6,3,5,9,8,11,3,5,4,1,3,8,5,2,1,7,2,2,6,0,4,3,12,0,2,4,2,0,2,0,2,2,2,2,2,1,0,1,2,0,1,1,0,0,0,0
2015,10,121,55,40,43,33,29,31,28,26,24,46,22,15,18,21,14,15,21,20,15,14,19,16,6,10,11,11,7,11,13,12,7,9,9,6,6,9,1,5,7,3,8,9,3,7,4,6,4,5,5,10,5,4,9,4,5,6,3,7,7,2,6,2,3,5,3,2,2,1,1,2,1,3,2,2,8,0,2,0,0,2,0,0
2015,11,159,74,51,52,31,24,21,19,24,24,18,22,27,14,24,16,15,25,8,23,14,18,16,9,8,16,14,13,15,11,13,12,14,9,14,7,12,5,9,12,4,4,4,1,8,11,8,3,4,7,6,4,6,4,3,9,2,6,10,5,1,6,0,2,2,0,6,1,1,2,2,0,5,1,0,4,0,1,0,0,0,0,0
2015,12,113,54,52,40,41,24,29,22,22,20,14,30,18,13,16,12,19,24,11,10,16,14,11,7,6,11,14,6,12,12,12,9,11,7,12,8,8,7,9,3,15,7,7,4,6,6,2,3,4,19,8,6,6,6,4,4,6,4,12,7,4,3,3,1,2,0,1,1,2,1,2,4,1,3,3,0,0,1,2,1,1,0,0
2015,13,162,63,35,32,25,28,33,30,13,23,15,15,24,9,14,15,13,25,13,10,12,17,23,9,6,12,15,8,15,14,10,6,9,10,10,7,10,10,9,9,7,8,6,7,3,3,2,5,4,10,5,6,3,3,3,3,2,3,5,5,4,2,4,5,1,3,1,1,3,0,1,0,0,1,1,1,0,2,1,1,0,0,0
2015,14,137,34,30,39,38,24,27,37,35,14,13,17,13,16,14,14,25,23,18,7,13,11,5,11,17,14,13,10,9,11,10,9,13,8,5,10,3,6,7,11,8,4,6,5,7,3,5,2,4,7,9,7,1,1,2,4,1,6,6,7,0,2,2,3,0,3,2,4,2,1,4,2,1,2,1,2,0,1,3,1,1,0,0
2015,15,138,67,41,41,30,26,25,30,31,29,25,25,17,17,17,14,13,11,6,15,12,13,15,7,15,22,18,8,10,12,11,7,19,6,8,12,10,8,5,8,2,10,5,6,8,5,4,3,2,7,5,2,7,4,9,4,4,4,4,9,3,1,5,3,2,2,4,1,3,1,2,0,0,0,1,1,0,1,0,2,3,0,0
2015,16,155,65,38,59,35,30,26,35,26,20,24,23,28,12,19,16,14,24,16,15,14,13,17,10,14,12,10,8,20,12,8,9,14,11,15,8,6,9,6,9,11,9,3,7,6,7,8,3,7,9,7,5,8,4,7,6,5,3,4,10,1,6,4,5,6,6,3,3,0,1,2,2,3,2,0,4,0,3,2,0,0,0,0
2015,17,130,65,47,33,27,35,37,39,24,46,28,26,28,14,13,27,15,20,15,11,16,15,14,12,11,15,20,9,7,17,12,9,13,8,6,8,8,8,12,8,10,12,4,8,8,9,5,5,8,2,6,5,2,5,3,2,6,2,3,5,7,4,3,3,3,2,2,5,2,2,1,0,1,1,0,2,0,2,1,1,1,1,0
2015,18,139,67,37,30,28,27,30,33,25,22,15,26,31,17,18,9,18,21,19,13,16,12,7,10,23,13,16,8,13,7,12,14,14,14,15,3,14,9,10,8,9,3,11,4,1,4,6,7,4,3,8,0,5,2,7,1,1,0,4,4,3,2,10,4,3,4,4,3,1,1,2,0,3,1,1,4,0,2,2,1,0,0,0
2015,19,126,57,45,33,38,25,28,32,27,27,20,24,21,15,21,18,27,18,23,13,19,15,22,5,5,14,12,5,10,13,14,10,14,10,17,11,11,10,13,9,5,8,7,8,7,5,3,5,3,5,5,1,2,6,4,4,3,6,0,7,4,6,1,4,3,3,3,3,2,1,2,1,1,2,0,0,0,0,4,0,1,1,0
2015,20,163,63,39,49,45,30,26,27,27,25,37,22,30,24,9,15,9,18,12,17,11,14,22,13,8,9,6,11,11,16,15,10,15,12,5,7,10,12,9,8,5,7,6,17,6,3,5,5,4,5,4,8,7,4,6,6,1,9,4,7,4,5,9,2,1,2,3,1,1,0,1,0,0,2,3,0,0,1,1,1,0,0,0
2015,21,168,71,125,42,44,32,26,16,38,22,27,22,13,19,15,11,22,18,15,10,9,17,11,13,9,18,8,9,11,11,17,4,11,17,5,7,6,16,11,12,8,9,11,5,5,6,3,3,5,3,6,3,5,8,6,13,4,5,3,9,5,2,1,4,2,1,3,2,3,2,0,1,1,0,0,1,0,2,1,0,3,1,0
2015,22,158,65,68,55,38,32,26,17,25,13,29,27,18,20,10,10,27,16,9,15,12,24,16,15,11,8,7,5,15,13,5,11,7,8,7,12,11,12,12,8,13,5,19,5,6,5,4,1,10,8,6,2,10,6,6,4,2,3,8,7,1,2,5,3,2,5,1,2,2,1,0,0,4,0,0,5,0,0,4,1,0,0,0
2015,23,164,48,44,34,42,22,33,22,25,27,26,13,15,17,13,17,11,9,13,11,9,14,16,12,15,10,10,3,11,15,13,11,5,17,8,1,6,5,5,13,7,8,4,6,3,4,14,3,7,3,7,5,14,6,2,2,1,6,5,7,4,4,3,1,3,3,4,3,2,0,1,2,1,2,1,3,0,0,0,1,2,0,0
2015,24,166,50,35,31,37,43,29,29,26,26,22,24,22,7,16,15,26,6,22,27,18,17,9,9,13,15,15,6,13,11,13,5,10,11,6,6,6,8,10,4,2,6,11,10,2,0,3,7,6,1,4,7,4,2,2,4,5,10,2,8,6,4,2,2,2,4,1,2,3,1,1,1,0,1,1,1,0,1,0,0,0,0,0
2015,25,158,47,35,45,36,22,33,37,27,27,22,24,14,9,16,6,17,14,28,15,13,13,12,16,7,15,8,7,18,10,14,5,13,12,12,5,10,8,19,9,5,5,11,8,6,6,6,6,3,3,5,5,2,5,4,2,0,5,8,6,4,5,7,3,4,1,1,2,5,2,2,1,1,3,1,0,0,0,1,0,0,0,0
2015,26,180,59,44,36,28,53,38,28,29,27,21,20,13,11,22,24,21,18,8,14,12,26,17,14,10,10,11,15,10,12,10,20,10,13,8,8,4,10,7,10,6,6,5,7,10,7,3,3,6,8,6,5,4,7,6,5,6,1,3,6,3,2,7,4,2,6,2,2,1,4,4,1,1,2,0,2,0,0,1,0,0,0,0
2015,27,178,65,32,34,47,40,35,25,24,12,36,21,21,24,31,14,24,17,17,21,12,16,12,10,8,19,24,5,14,12,11,13,13,14,3,10,6,9,9,13,5,5,4,2,4,8,5,12,4,6,10,6,6,4,7,1,0,3,1,7,2,5,3,3,5,3,3,9,2,1,1,1,0,3,0,4,0,2,1,1,1,2,0
2015,28,177,54,34,127,44,22,33,16,32,22,17,19,16,13,21,12,16,13,12,21,17,19,16,13,7,11,15,13,16,10,8,12,7,6,6,8,7,3,9,9,3,10,1,5,4,5,4,9,4,7,6,4,2,5,2,0,3,4,5,5,3,4,4,2,4,1,3,3,1,5,1,2,0,2,0,2,0,1,0,1,1,0,0
2015,29,154,69,28,28,40,31,41,22,22,27,30,21,24,22,32,15,18,19,9,10,17,18,14,11,21,11,11,14,7,14,5,15,9,6,15,15,6,7,11,9,8,7,6,7,7,11,4,9,5,5,11,4,4,3,1,3,3,3,4,5,5,2,3,5,3,11,1,4,0,6,3,0,1,1,0,1,0,1,0,0,3,1,0
2015,30,146,80,37,29,32,32,41,25,28,21,43,9,12,15,25,12,14,31,20,5,9,22,13,13,12,12,9,8,13,13,13,11,14,12,10,6,9,11,14,9,3,7,6,8,2,9,7,8,6,5,9,5,7,5,6,3,9,6,5,4,5,3,6,2,3,7,5,4,4,1,3,0,1,2,2,1,0,0,1,2,0,1,0
2015,31,176,79,42,32,34,39,48,26,23,24,22,18,32,12,23,12,27,15,22,12,12,19,16,13,13,21,11,14,5,12,20,12,11,9,5,16,6,6,12,13,3,3,7,7,9,8,12,4,8,6,14,6,8,3,8,3,1,13,2,8,2,5,6,7,2,2,6,3,2,2,2,1,0,3,0,3,0,0,0,0,0,1,0
2015,32,158,52,60,29,51,32,28,21,22,29,20,17,14,12,15,20,15,15,12,10,15,9,10,16,18,7,11,16,3,9,9,8,16,10,8,12,7,4,12,10,6,3,8,8,7,8,3,5,0,3,10,3,8,3,7,1,7,5,3,5,2,2,5,2,7,5,2,8,0,1,2,0,1,0,0,2,0,0,0,2,2,0,0
2015,33,151,81,43,35,40,23,18,29,26,32,28,21,24,25,10,19,20,14,16,17,21,19,11,18,28,16,14,15,17,6,13,15,7,5,13,17,13,4,12,13,6,8,3,19,3,11,4,9,7,3,7,8,11,6,4,3,3,4,3,4,2,7,3,0,2,5,4,3,4,2,2,2,2,3,0,3,0,0,1,0,0,1,0
2015,34,177,65,40,49,41,29,41,30,30,24,25,16,31,15,12,10,11,14,10,11,13,16,12,9,14,12,16,12,10,7,12,6,9,9,9,7,14,1,12,20,5,4,5,6,2,11,4,6,13,5,5,2,9,4,3,2,6,5,4,7,2,1,3,0,1,2,4,3,2,0,3,0,1,1,2,1,0,3,1,0,1,0,0
2015,35,159,64,51,32,33,22,33,35,30,23,34,17,24,18,14,17,17,16,25,5,23,20,20,6,16,12,11,19,16,14,12,7,12,9,11,13,6,10,17,6,4,2,9,11,5,9,6,4,3,3,4,7,8,8,8,5,3,4,4,9,0,5,3,6,3,5,2,3,2,1,1,3,2,2,1,0,0,1,2,1,1,1,0
2015,36,144,77,45,45,38,35,54,32,18,24,24,20,18,18,18,10,14,16,21,19,20,28,21,8,8,16,18,12,22,10,7,9,8,6,9,9,15,2,5,12,10,5,7,8,7,11,8,5,7,3,4,2,4,5,5,2,5,1,2,8,1,7,3,3,3,2,2,6,0,5,3,1,1,0,1,1,0,0,0,2,2,1,0
2015,37,135,75,47,25,41,29,43,25,38,19,24,25,27,20,21,21,17,18,9,15,13,21,7,5,8,16,11,17,14,8,10,15,12,13,13,9,7,3,7,10,4,3,8,13,7,10,9,6,4,11,6,6,13,9,6,2,3,3,2,4,5,6,0,3,2,2,1,7,1,3,3,2,2,1,1,0,0,3,2,2,1,0,0
2015,38,166,67,42,52,29,23,41,33,53,15,25,25,16,18,18,14,15,10,25,8,18,23,3,10,11,11,17,16,31,6,11,11,15,14,3,9,12,7,9,14,12,11,8,10,5,12,4,8,5,3,8,6,6,2,3,3,1,4,2,9,1,3,3,4,1,2,5,2,2,1,4,2,0,0,3,0,0,0,0,1,1,1,0
2015,39,163,61,26,44,37,36,33,28,27,19,30,17,20,19,18,20,11,17,25,21,13,10,15,17,6,20,20,7,13,12,12,4,14,5,6,11,6,3,10,9,11,6,5,4,3,4,2,5,10,6,7,3,3,9,4,6,5,4,0,10,0,7,0,3,2,4,8,2,1,6,4,2,1,0,2,1,0,0,0,1,2,0,0
2015,40,188,67,51,48,41,42,40,43,37,21,29,27,21,16,17,21,17,15,14,7,11,14,16,7,10,11,18,10,14,10,7,12,15,15,3,5,16,6,9,4,7,7,6,8,7,3,4,8,5,4,12,4,4,5,8,2,9,2,6,3,5,2,2,4,4,9,4,5,3,1,2,1,1,2,1,0,0,2,1,0,1,3,0
2015,41,149,60,37,32,33,35,39,22,34,24,18,31,18,17,31,16,16,13,21,14,14,10,5,7,14,16,14,14,11,19,5,13,7,10,11,7,5,6,10,9,10,6,3,9,7,6,1,6,3,9,8,1,5,2,5,5,4,2,2,9,5,3,4,3,0,4,4,1,0,4,0,0,2,1,2,1,0,0,1,0,2,2,0
2015,42,169,73,42,47,29,32,36,35,27,11,29,27,16,13,23,13,16,17,14,21,12,9,13,8,29,13,14,9,12,11,13,5,6,12,6,10,16,11,8,8,10,14,7,12,6,5,5,5,5,5,3,6,4,3,4,1,3,1,2,5,4,5,6,2,7,2,4,4,1,0,3,1,0,0,1,1,0,0,0,1,2,2,0
2015,43,164,58,50,36,36,26,30,35,34,28,15,23,23,17,28,10,28,15,13,21,9,10,10,16,22,20,13,15,10,12,11,11,17,5,11,6,6,10,11,6,8,7,4,8,7,8,8,2,8,10,6,2,2,3,3,3,5,3,2,7,1,1,0,1,2,1,4,4,1,0,0,0,2,1,0,1,0,3,1,3,1,0,0
2015,44,182,47,39,35,20,13,37,39,27,28,17,25,22,19,12,20,22,15,13,15,16,16,17,8,7,19,11,6,8,12,13,10,15,5,9,3,13,7,12,6,19,7,7,6,4,7,8,2,3,21,7,4,3,7,6,1,8,6,5,7,1,6,2,3,4,1,1,5,1,1,1,1,0,2,2,4,0,0,2,1,2,1,0
2015,45,170,60,43,35,22,31,31,35,36,21,23,24,18,15,24,19,16,27,16,9,20,10,18,5,10,15,11,17,16,19,12,7,12,19,9,6,11,8,10,9,6,7,8,5,11,11,8,9,6,2,3,4,1,4,5,3,2,0,5,12,1,2,2,3,1,6,3,2,3,0,3,1,0,1,0,2,0,5,1,0,2,2,0
2015,46,178,54,42,37,31,36,30,44,20,35,17,22,34,9,20,29,25,11,19,8,23,17,16,14,11,9,12,7,14,12,7,14,7,13,5,7,4,13,5,8,8,5,7,7,11,11,9,9,11,5,5,2,6,2,2,5,7,6,6,10,5,3,3,4,1,3,1,6,2,1,2,0,0,0,2,0,0,3,3,0,0,2,0
2015,47,163,48,29,27,30,23,20,24,33,17,26,20,32,12,29,19,19,13,16,12,22,19,12,8,9,11,13,6,11,10,11,10,12,16,12,8,10,2,7,9,5,2,7,5,11,13,11,1,5,7,3,5,2,7,8,3,3,4,2,12,2,3,4,1,3,4,1,2,4,1,2,2,2,0,0,2,0,0,0,0,1,0,0
2015,48,163,67,55,41,27,25,32,38,21,16,25,19,24,14,15,24,15,11,19,3,15,15,17,12,6,16,14,6,14,10,11,14,14,10,18,9,6,2,5,12,6,8,12,5,17,9,2,5,10,5,4,6,4,3,3,3,3,1,4,8,4,4,2,1,6,2,4,5,0,0,0,1,1,0,3,5,0,0,1,0,1,2,0
2015,49,181,56,42,39,45,20,22,52,29,22,13,20,33,24,29,21,24,15,13,21,16,12,14,9,12,14,16,8,9,17,8,13,17,12,9,5,12,8,10,9,5,11,9,3,4,2,8,7,6,2,3,4,5,4,4,5,4,5,4,5,3,8,4,3,6,0,3,2,2,3,0,4,1,2,2,3,0,0,2,0,1,0,0
2015,50,172,64,47,34,40,19,35,25,28,30,23,17,34,24,22,13,16,17,29,19,25,7,18,15,9,11,15,12,16,9,11,8,9,5,11,7,12,6,10,6,8,6,3,1,7,9,4,9,3,7,5,2,7,2,4,2,5,3,3,7,2,3,2,2,6,5,2,0,1,1,0,3,0,1,0,3,0,1,1,1,3,0,0
2015,51,156,68,51,34,58,20,31,38,25,26,26,17,27,6,14,15,13,13,13,12,19,11,21,6,11,6,14,17,5,20,8,13,11,6,15,10,10,5,5,5,3,6,8,11,3,4,6,9,3,5,10,7,4,3,0,3,6,4,3,7,3,7,2,2,6,3,0,2,1,2,1,0,2,2,1,1,0,4,0,0,0,0,0
2015,52,173,62,26,26,44,35,30,36,28,18,20,22,11,9,29,33,16,22,12,21,12,17,24,11,9,12,10,8,12,7,9,8,5,13,5,5,8,5,5,4,5,11,6,4,5,3,3,4,2,9,2,1,3,2,3,3,1,2,1,5,3,2,5,2,4,2,1,5,0,1,0,0,3,2,0,1,0,3,1,2,0,0,0
2015,53,80,63,16,14,24,15,13,11,9,9,13,11,17,23,13,14,8,10,12,6,6,4,11,15,6,5,4,12,6,7,9,6,4,4,4,7,8,10,10,3,2,5,6,5,4,8,4,5,3,3,2,1,10,0,3,5,4,4,0,4,3,1,1,0,1,4,3,0,1,0,0,0,0,0,0,4,0,1,1,0,1,1,0
2016,1,119,63,36,39,38,24,27,29,19,25,14,35,13,16,21,21,27,11,11,12,18,7,16,10,9,11,14,15,8,9,11,8,13,16,6,14,3,11,10,11,4,11,6,4,4,17,4,5,5,10,5,12,3,4,7,2,2,6,2,5,9,0,1,3,2,4,3,2,2,1,1,0,1,0,0,1,0,0,1,0,2,0,0
2016,2,145,63,30,35,45,21,32,19,15,22,14,23,22,65,23,15,16,14,18,14,11,16,11,10,17,12,7,15,10,10,9,12,8,10,10,1,6,5,6,8,5,8,4,4,4,2,1,10,5,4,4,4,3,4,3,24,3,5,5,9,3,7,2,3,4,8,5,0,1,1,4,1,2,0,2,2,0,2,1,0,0,1,0
2016,3,130,63,30,41,40,27,21,18,26,32,30,27,7,18,16,15,21,13,19,8,18,11,9,12,8,14,7,16,6,17,8,8,13,13,7,8,4,9,9,9,2,9,10,12,9,13,5,12,7,9,4,6,3,5,7,40,3,3,4,3,3,0,6,2,5,2,6,0,3,0,0,2,1,1,1,7,0,1,0,0,1,5,0
2016,4,159,87,46,46,34,20,19,26,26,25,19,22,28,24,30,16,18,29,18,6,11,10,20,7,21,16,13,10,12,7,12,7,5,15,13,2,8,6,9,8,14,6,6,2,10,4,5,1,2,7,10,3,4,7,7,8,6,3,11,5,2,2,3,1,1,4,3,3,2,1,4,0,1,0,1,5,0,0,0,1,0,5,0
2016,5,144,70,50,45,32,33,30,28,16,31,36,19,23,15,18,15,17,15,22,12,13,16,11,8,14,21,10,21,11,9,11,4,6,8,9,5,7,7,10,9,5,9,11,8,3,9,10,13,2,2,6,4,3,6,8,3,5,5,4,8,1,1,4,3,3,4,5,3,2,1,2,0,2,1,3,5,0,3,2,0,3,3,0
2016,6,177,71,40,36,45,28,28,29,27,21,23,22,44,12,27,21,24,17,22,15,16,28,18,9,17,10,15,15,11,18,11,9,8,9,10,12,14,9,16,7,9,7,6,3,8,9,3,1,5,4,8,3,5,7,3,5,6,12,3,8,4,3,3,3,2,4,0,3,2,1,0,2,3,1,0,7,0,0,0,0,0,0,0
2016,7,169,64,52,40,41,39,25,36,17,29,30,17,19,24,17,21,24,23,20,14,18,15,22,14,14,6,14,16,14,13,7,15,10,27,13,7,16,9,6,12,5,7,8,14,3,12,4,3,3,13,14,3,4,6,6,7,3,5,5,9,3,1,6,2,2,3,3,1,1,2,6,0,1,3,2,1,0,1,1,2,0,0,0
2016,8,161,65,30,45,33,29,21,24,24,21,39,18,17,28,22,25,16,14,29,15,12,17,9,14,16,15,14,9,16,14,11,8,7,16,9,10,11,3,6,2,13,12,9,5,5,9,10,4,5,7,8,3,8,1,10,2,1,6,7,6,4,7,5,5,2,1,3,2,2,2,2,1,5,0,3,3,0,0,3,0,1,1,0
2016,9,207,64,56,24,37,35,28,27,18,31,35,26,26,12,21,23,22,11,29,10,10,12,15,9,18,13,10,11,16,10,17,3,10,9,9,5,5,5,11,2,10,7,2,15,2,11,4,10,7,4,9,3,0,5,12,2,3,3,3,3,1,7,2,5,3,0,0,3,3,0,2,2,5,1,2,1,0,2,0,0,4,0,0
2016,10,205,58,40,40,30,40,30,30,27,32,17,23,27,12,19,23,23,18,25,11,17,9,32,12,13,13,12,4,14,13,8,11,11,14,2,10,4,3,10,16,12,6,7,11,8,4,5,11,4,6,4,4,7,5,11,9,6,3,6,7,1,4,3,6,4,0,1,6,2,1,0,1,1,1,2,0,0,5,1,1,4,2,0
2016,11,182,71,37,45,23,20,35,32,34,33,22,16,26,18,14,25,20,24,14,14,10,12,13,12,12,7,9,12,10,6,9,2,13,5,18,8,5,11,6,12,12,12,4,6,6,9,5,5,6,3,10,7,7,10,1,9,6,6,3,8,1,3,1,3,4,2,2,4,1,1,2,1,2,1,0,1,0,0,0,0,0,1,0
2016,12,118,54,35,28,29,31,18,28,18,14,22,15,24,24,22,18,11,11,27,5,10,16,13,16,22,10,8,5,7,6,11,4,12,6,6,11,6,2,8,6,7,10,4,5,7,3,1,9,9,2,4,1,4,4,3,6,1,2,4,6,6,3,5,4,2,3,3,1,3,7,1,2,1,1,1,0,0,1,1,0,0,1,0
2016,13,169,71,53,59,30,41,23,25,10,19,17,31,29,15,25,21,15,21,22,13,15,7,13,13,14,10,7,10,12,14,12,6,7,11,14,4,7,3,8,10,10,8,13,8,2,6,3,6,7,4,7,1,3,8,8,4,4,9,3,5,7,0,4,6,2,2,4,4,1,1,2,0,3,2,0,2,1,1,0,1,0,1,0
2016,14,165,69,42,61,65,40,18,37,15,35,26,18,24,24,20,20,21,14,15,16,18,13,14,12,10,16,15,15,14,11,6,6,7,8,9,11,5,13,4,5,11,5,4,8,8,6,7,8,8,6,8,5,1,7,11,6,6,5,3,8,4,2,2,5,6,2,2,1,4,2,0,3,0,0,1,1,0,2,2,1,1,0,0
2016,15,168,61,34,50,37,34,26,32,24,22,12,21,37,15,25,18,15,9,13,14,13,14,11,8,12,12,16,7,10,11,12,3,5,5,6,7,8,8,4,8,11,1,6,4,5,11,9,13,5,9,5,3,7,4,4,6,2,6,3,5,3,1,2,4,4,1,2,8,3,2,0,2,1,1,0,1,0,0,1,0,3,2,0
2016,16,166,57,29,48,40,43,26,21,36,17,31,36,24,16,24,18,20,11,31,17,16,16,14,18,20,13,10,8,9,21,11,7,13,10,10,12,3,7,6,6,8,5,6,4,5,6,5,5,9,1,6,4,5,7,0,4,5,4,2,9,0,4,1,2,1,0,3,1,0,2,1,2,3,1,1,2,0,1,2,2,2,1,0
2016,17,162,74,40,51,28,37,25,31,32,68,19,13,29,18,12,21,22,14,24,11,23,15,12,11,8,12,13,18,19,17,15,8,15,9,10,13,7,8,7,6,5,9,11,9,11,12,1,7,7,4,3,2,7,3,3,1,3,5,2,8,3,3,4,1,2,4,4,1,2,1,2,1,1,0,0,0,0,1,0,1,0,0,0
2016,18,160,65,39,37,31,40,24,30,28,25,20,18,37,12,43,21,12,11,14,10,19,10,13,12,23,13,16,11,12,13,18,9,11,15,9,11,8,15,3,9,9,4,16,3,11,12,8,6,6,5,2,6,3,10,7,2,1,10,3,8,5,2,2,3,5,2,1,3,3,5,1,0,1,0,2,3,0,0,1,2,4,0,0
2016,19,186,67,64,31,32,43,30,27,23,38,27,27,27,14,17,19,13,24,16,18,18,13,18,11,15,18,14,15,14,11,15,13,14,17,11,13,7,8,4,6,8,9,10,5,7,17,4,7,5,7,2,7,1,5,10,3,3,6,3,7,3,1,0,4,3,4,4,1,3,1,4,0,1,3,1,0,0,2,1,2,1,0,0
2016,20,148,70,58,35,36,31,29,35,31,26,17,21,29,18,17,19,14,12,14,11,14,17,10,10,16,21,26,10,6,15,14,12,7,11,11,11,17,6,7,18,8,5,6,6,3,21,9,4,5,3,10,6,9,5,4,5,1,4,2,6,6,5,2,5,7,2,4,0,2,2,0,2,0,0,1,1,0,3,1,2,2,1,0
2016,21,198,70,43,44,40,33,33,23,23,27,33,24,28,18,20,20,25,12,17,24,13,18,9,17,32,23,8,18,16,14,15,9,9,10,10,8,12,11,4,12,12,2,11,3,8,9,4,8,5,4,2,4,7,5,7,4,5,3,2,11,6,6,1,3,2,2,3,1,4,4,2,0,2,0,1,3,0,3,0,3,0,0,0
2016,22,138,55,36,32,36,41,24,27,24,31,28,22,27,9,20,38,19,9,14,17,19,14,16,15,16,16,11,12,13,12,4,6,11,14,8,18,6,8,4,12,4,10,3,2,7,9,9,5,3,5,0,4,5,6,6,4,1,6,2,3,1,6,2,5,5,2,2,1,2,6,0,1,0,0,2,1,0,1,2,0,1,0,0
2016,23,145,50,35,38,26,33,16,25,23,40,20,25,35,14,16,14,28,16,23,19,20,16,12,8,14,19,13,21,7,6,11,3,12,7,15,12,3,9,4,9,11,2,11,4,7,11,8,2,3,8,3,3,7,8,6,5,7,6,1,13,5,2,2,4,3,1,3,4,5,5,2,2,1,0,0,0,0,2,1,1,3,0,0
2016,24,190,61,44,35,33,35,31,25,24,31,21,24,36,19,8,27,29,11,12,14,12,8,14,4,14,15,14,13,12,9,11,16,13,10,10,9,8,12,4,6,2,5,8,7,4,13,8,10,6,5,2,6,4,3,9,2,4,7,2,12,3,5,2,4,6,2,4,3,1,5,1,0,0,0,0,0,0,1,0,1,0,0,0
2016,25,184,75,46,39,36,37,33,27,24,30,29,22,40,21,17,25,23,18,19,15,12,15,15,13,12,16,9,13,12,14,12,7,16,12,16,6,8,7,5,6,11,9,5,9,8,7,3,6,6,6,4,8,2,3,7,3,2,5,2,7,2,6,1,1,4,3,4,3,1,1,1,1,2,1,0,1,0,2,1,5,3,2,0
2016,26,196,62,64,44,38,32,26,25,30,46,26,28,28,20,14,30,21,10,21,9,17,11,11,14,13,27,16,17,9,2,13,6,7,8,13,13,7,5,7,8,14,10,12,4,4,6,5,8,4,7,5,8,10,6,9,1,5,6,6,8,5,2,4,3,8,4,3,1,7,4,2,0,1,1,0,1,0,0,1,0,1,1,0
2016,27,209,80,24,38,38,38,27,30,25,41,18,16,30,17,25,19,23,16,21,10,16,16,12,14,12,12,11,24,12,12,16,14,13,18,17,13,3,10,11,1,3,10,4,4,6,13,7,6,6,7,1,4,6,9,5,4,10,6,3,9,3,6,1,5,3,2,0,1,0,2,0,0,0,0,0,1,0,3,1,2,1,2,0
2016,28,186,59,47,45,33,35,35,20,27,20,24,24,27,16,24,18,13,14,27,11,13,9,7,14,14,26,12,9,13,22,13,10,12,10,14,12,8,13,6,9,5,8,11,8,9,12,8,10,4,5,9,4,5,3,3,5,6,3,2,11,5,2,5,4,3,1,6,1,3,0,3,0,0,0,2,5,0,1,2,1,1,1,0
2016,29,180,54,49,42,31,40,38,26,24,27,48,22,21,25,33,13,12,16,17,17,23,15,16,12,18,26,4,6,15,14,17,15,13,17,17,6,8,10,10,8,5,8,16,10,7,4,11,5,6,2,7,6,7,5,5,1,5,2,3,9,3,5,4,6,3,4,6,2,3,1,5,0,1,0,1,3,0,2,0,0,0,1,0
2016,30,183,70,38,48,35,42,31,19,16,25,23,19,21,17,15,17,25,18,23,24,13,17,22,17,16,15,10,12,23,17,4,11,8,14,18,12,5,20,9,15,11,9,27,9,5,7,4,8,4,3,3,7,9,6,8,2,7,5,1,9,3,7,1,5,3,4,4,2,1,0,1,1,3,2,2,2,0,1,1,0,0,1,0
2016,31,162,61,32,29,50,39,44,38,19,27,21,27,19,20,39,20,14,12,13,10,14,10,10,5,23,15,10,10,6,10,13,12,7,13,19,7,7,4,10,9,9,4,19,10,4,7,6,7,2,3,4,5,7,6,5,2,2,7,2,13,2,4,1,4,3,3,4,2,1,0,0,1,0,0,1,2,0,2,0,1,2,0,0
2016,32,211,59,40,45,31,42,28,20,22,29,25,15,22,21,58,15,11,25,14,13,15,16,6,13,13,31,13,8,9,11,15,13,8,19,10,15,7,7,7,6,10,8,12,9,6,6,8,6,5,6,7,4,3,4,8,2,6,2,3,6,2,8,2,6,4,1,0,4,2,1,1,1,2,1,0,2,0,3,1,0,0,1,0
2016,33,176,56,44,28,33,49,28,35,22,30,20,24,24,27,30,7,15,23,9,23,11,15,17,7,17,27,11,15,17,9,14,9,12,10,10,13,11,10,5,5,5,11,15,7,5,7,6,6,0,5,10,8,6,4,4,3,1,4,4,7,1,5,2,5,5,3,2,2,5,2,2,0,2,2,0,5,0,0,0,0,3,2,0
2016,34,184,61,43,46,31,43,32,29,21,29,16,21,21,20,15,33,17,15,13,10,11,20,22,12,25,20,11,19,12,5,18,12,11,15,15,7,9,11,6,6,12,9,13,8,7,9,9,5,1,3,4,6,6,5,6,1,2,5,4,10,4,9,2,5,1,4,3,2,2,3,3,1,2,0,0,5,0,1,3,1,3,3,0
2016,35,197,59,46,39,29,43,31,29,25,25,20,25,21,18,15,23,23,17,20,21,20,17,20,14,6,18,16,13,13,17,11,6,8,9,14,9,7,11,10,6,6,7,5,4,6,9,6,6,3,2,10,3,1,5,1,3,1,4,2,0,3,2,4,2,3,5,10,2,4,1,1,0,2,1,0,1,0,1,0,0,2,0,0
2016,36,200,91,61,48,39,45,24,37,22,30,19,27,21,17,14,17,21,20,26,19,8,22,10,16,14,10,5,18,6,5,13,18,11,12,11,13,5,8,13,11,10,8,1,7,2,14,12,13,5,7,5,12,1,2,7,6,8,10,3,9,1,2,0,0,3,4,3,3,1,7,2,2,4,0,1,1,0,0,0,5,1,0,0
2016,37,179,64,58,46,39,40,28,38,34,22,19,34,19,18,18,20,15,13,23,16,17,19,23,13,17,15,4,10,21,18,8,6,13,13,8,5,1,7,9,2,5,8,4,4,5,7,10,5,3,6,7,7,3,3,3,3,5,5,2,7,1,1,3,3,5,3,4,1,1,0,1,2,0,1,0,2,0,1,0,2,0,1,0
2016,38,208,44,61,39,38,56,23,37,19,22,24,28,17,11,19,16,21,14,18,15,14,13,15,10,13,21,9,13,9,15,6,8,6,16,3,13,2,2,5,4,2,9,15,12,5,8,11,7,6,6,2,8,1,4,12,6,4,13,4,3,1,3,4,3,6,5,0,2,2,4,0,0,1,1,1,1,0,1,0,1,4,0,0
2016,39,198,39,33,45,39,47,31,30,36,47,18,31,17,17,15,29,9,5,12,13,17,19,19,8,19,13,10,11,17,7,8,10,8,13,17,16,5,9,14,3,6,5,10,3,7,6,7,3,6,9,2,9,4,9,6,4,3,4,7,7,3,5,1,1,4,4,3,2,1,3,0,0,0,1,0,3,0,1,0,2,1,0,0
2016,40,168,55,46,33,42,48,23,26,19,35,22,39,9,16,17,15,14,13,19,16,16,14,26,13,15,17,14,4,10,8,11,17,11,9,10,3,1,14,3,11,3,6,7,7,2,9,11,4,2,11,5,5,3,6,4,3,1,4,1,6,2,4,2,2,2,1,3,4,2,3,0,1,1,2,2,5,0,0,0,1,2,0,0
2016,41,197,71,53,51,51,34,32,22,32,36,25,30,16,13,16,18,14,21,23,15,13,20,18,18,25,17,10,9,16,13,3,26,19,20,9,3,7,8,7,8,11,11,3,8,7,6,10,7,5,2,3,6,7,7,4,4,1,2,4,6,11,1,6,6,3,1,3,7,1,0,1,2,2,1,0,2,0,0,1,0,0,0,0
2016,42,207,64,60,39,25,37,26,24,25,47,33,28,13,16,23,15,10,14,18,18,16,23,17,10,34,24,12,16,9,12,10,20,8,5,9,6,2,10,8,5,2,4,3,5,5,7,6,16,4,8,8,4,4,5,5,0,1,6,3,7,9,1,6,5,2,3,3,1,1,2,1,2,1,1,0,2,0,1,1,3,0,0,0
2016,43,231,62,42,35,47,46,28,18,11,45,23,23,19,12,28,18,19,21,16,14,14,25,14,12,12,16,20,11,21,10,6,12,5,10,8,18,5,7,9,13,7,5,10,6,4,12,11,13,6,15,4,7,7,3,7,1,1,6,6,4,2,2,2,3,6,4,8,6,3,2,1,2,2,2,0,2,0,0,0,0,0,0,0
2016,44,187,77,32,45,40,35,28,21,30,27,23,30,14,21,17,23,18,19,25,11,7,12,23,21,23,11,20,10,8,15,7,17,6,6,15,14,3,6,9,14,1,7,2,10,8,5,7,3,9,4,5,11,4,6,6,4,2,3,3,8,8,4,2,1,3,0,3,2,2,2,1,1,2,1,1,1,0,1,0,0,0,0,0
2016,45,188,61,55,37,42,38,28,20,23,22,20,31,28,14,27,9,7,17,19,17,14,17,25,24,24,20,12,4,13,16,16,4,14,8,13,12,6,7,4,16,8,3,4,12,5,2,8,7,2,5,4,3,3,3,8,1,7,4,3,4,6,5,1,11,1,0,7,2,0,1,2,5,0,0,1,1,0,1,1,1,0,1,0
2016,46,199,72,57,38,50,38,33,27,32,35,22,39,8,27,26,15,16,17,22,11,12,19,15,8,18,20,8,15,10,10,11,19,9,9,12,13,8,10,14,7,12,8,4,5,4,6,8,13,4,7,3,2,0,3,11,2,14,2,5,5,4,5,1,2,3,4,5,2,2,3,1,0,2,1,0,2,0,2,2,0,0,1,0
2016,47,198,62,60,33,25,23,36,24,20,24,17,31,22,15,27,9,13,25,17,18,12,16,19,10,13,21,7,6,10,3,7,18,7,10,10,9,4,2,3,12,6,5,12,5,3,2,3,9,3,2,7,10,3,3,4,1,6,3,1,6,3,1,1,1,2,3,3,1,1,1,1,1,1,0,1,3,0,1,5,0,0,0,0
2016,48,177,71,63,24,35,44,39,40,18,32,35,32,19,12,21,25,16,17,17,21,12,18,15,13,15,17,14,6,16,12,11,17,7,15,11,18,8,11,7,9,13,8,6,5,2,6,6,9,2,11,10,2,6,5,3,0,8,6,3,5,0,2,3,6,5,2,5,3,1,4,0,3,1,1,1,0,0,0,0,1,0,1,0
2016,49,192,49,56,38,33,49,38,24,25,31,32,31,14,18,14,21,29,17,16,17,13,18,26,18,8,23,9,8,6,11,8,22,6,10,9,6,4,6,5,15,6,11,6,7,7,10,3,8,2,8,2,10,2,3,11,5,1,5,2,6,6,3,2,1,6,1,7,2,0,1,1,0,1,1,1,3,0,0,1,0,0,0,0
2016,50,213,58,47,42,26,34,18,41,26,36,22,26,16,22,30,16,24,11,29,18,9,5,25,15,15,18,17,5,13,9,12,16,5,14,16,19,14,15,2,8,7,8,3,7,9,10,1,7,5,7,6,7,4,3,12,1,2,9,3,9,3,0,2,5,2,5,2,0,1,0,1,0,1,0,1,2,0,0,0,1,1,1,0
2016,51,181,69,47,40,29,46,18,39,14,38,24,28,14,14,36,8,17,13,16,11,8,14,17,25,17,17,7,16,12,15,16,11,3,9,10,8,3,12,5,5,6,13,3,5,8,4,6,3,3,4,8,1,2,3,7,1,9,3,3,12,4,0,2,6,6,3,3,2,3,0,4,0,4,0,1,4,0,0,1,0,0,0,0
2016,52,181,56,51,31,29,36,28,29,23,24,12,16,17,32,19,10,18,25,23,16,13,14,15,13,10,19,18,4,11,9,7,9,2,9,12,9,3,4,15,13,11,9,2,8,2,4,4,8,3,4,4,5,4,2,8,8,0,5,2,9,4,1,1,1,2,5,4,0,1,3,2,0,2,0,1,4,0,1,0,2,2,1,0
2016,53,55,42,11,16,15,9,7,9,6,3,8,7,7,8,12,6,5,4,20,7,6,4,2,2,7,1,4,6,10,5,12,1,3,3,3,6,2,5,9,1,2,3,5,3,4,2,1,2,2,3,1,0,0,0,5,4,2,1,0,6,2,0,0,2,1,1,0,1,2,1,0,0,0,1,1,0,0,1,0,1,0,1,0
2017,1,158,58,32,50,21,42,26,25,30,20,16,32,13,18,17,28,19,22,22,12,4,11,14,10,20,18,12,10,9,14,12,9,5,12,11,15,4,8,5,13,6,8,12,2,7,3,7,4,7,3,4,4,8,6,5,2,2,8,4,6,5,2,3,4,3,3,1,2,5,0,3,2,0,1,1,0,0,4,0,0,0,0,0
2017,2,156,48,46,33,28,32,19,30,28,26,34,25,12,61,28,12,14,16,16,12,16,12,21,17,11,14,7,17,13,8,8,10,14,12,11,16,2,6,5,16,4,4,10,8,10,12,5,5,0,3,5,7,7,6,5,7,1,4,5,9,6,4,4,2,1,4,2,2,3,4,0,1,1,2,0,0,0,1,4,0,0,2,0
2017,3,159,88,50,37,30,40,23,29,21,28,29,13,20,31,31,11,16,21,17,12,10,12,16,18,18,18,10,5,8,6,12,16,7,11,15,12,4,6,4,4,2,7,5,5,7,13,8,10,2,5,4,9,5,3,3,7,3,11,2,7,4,2,0,3,2,1,9,2,1,0,0,0,3,1,0,3,0,0,0,1,0,0,0
2017,4,195,77,49,37,47,34,26,22,21,29,20,28,11,19,26,23,15,18,21,12,5,15,17,14,10,13,6,11,13,10,8,8,11,7,7,14,4,8,2,9,10,7,5,3,3,7,10,8,3,6,9,7,1,4,7,5,1,3,2,10,10,5,2,6,4,2,0,1,3,1,0,1,2,2,0,1,0,0,0,0,0,1,0
2017,5,182,67,57,52,35,37,25,30,25,32,13,25,21,23,24,13,12,28,20,13,11,16,24,21,12,15,13,10,11,10,18,14,10,16,13,10,7,7,8,8,6,9,7,4,2,5,9,3,7,10,3,4,7,4,8,6,2,4,0,11,5,6,0,2,2,3,0,0,0,3,0,0,2,0,0,2,0,0,0,2,1,1,0
2017,6,161,77,53,44,34,34,35,33,26,32,18,28,14,28,25,18,12,21,21,18,16,16,16,7,18,24,13,12,17,6,16,15,7,10,8,19,2,9,4,3,7,8,8,8,2,12,9,4,2,3,7,3,8,1,5,2,3,3,0,7,9,3,1,2,4,9,0,1,2,0,1,3,1,3,3,1,0,3,0,0,1,2,0
2017,7,194,56,35,36,33,36,31,38,24,40,22,28,17,13,25,14,19,17,7,9,16,16,19,18,31,14,11,9,15,5,16,16,13,4,4,11,7,8,4,10,7,7,7,5,4,11,8,6,3,4,4,8,3,9,1,2,1,4,1,6,3,1,3,5,3,2,0,2,2,3,1,3,0,0,4,0,0,1,0,0,0,1,0
2017,8,178,59,33,37,39,36,29,31,17,19,20,18,25,21,23,18,9,12,22,21,6,26,15,51,8,15,14,5,13,9,12,16,11,15,3,18,6,8,8,12,12,7,5,5,10,8,4,5,3,4,5,9,7,9,0,5,3,4,1,5,2,2,2,2,2,3,5,0,2,1,0,2,2,1,0,2,0,1,1,0,1,1,0
2017,9,218,96,48,31,32,42,44,32,21,32,34,25,34,25,26,19,15,17,10,27,11,23,17,18,23,15,14,14,15,10,12,22,18,8,17,18,4,13,7,5,8,8,3,6,9,3,10,11,5,12,6,6,6,6,3,5,2,5,5,11,5,9,3,5,2,3,3,2,1,2,1,0,1,0,2,2,0,2,0,0,3,0,0
2017,10,194,85,41,40,41,46,24,39,25,27,16,26,22,12,21,25,14,22,11,25,12,13,16,26,14,15,12,6,6,10,8,5,8,5,7,18,5,17,8,29,15,13,7,13,8,5,5,7,6,5,3,9,9,8,12,1,7,3,3,6,6,3,3,6,6,6,5,1,1,9,0,0,0,0,1,2,0,2,1,0,0,0,0
2017,11,197,69,55,30,37,35,37,23,24,36,19,41,23,26,27,17,21,19,16,24,18,16,18,16,20,17,7,4,11,10,15,10,9,4,8,13,4,18,10,16,11,8,5,7,5,9,11,4,6,6,9,1,4,6,5,2,1,4,1,13,7,5,10,5,4,4,5,0,3,0,1,0,3,0,2,1,0,0,2,0,0,0,0
2017,12,224,59,46,32,35,35,20,33,24,31,17,29,29,24,20,28,20,22,6,28,17,18,12,16,16,13,12,13,15,17,19,15,10,7,3,12,6,14,13,3,12,11,9,2,5,5,4,3,8,7,6,10,5,4,6,4,2,5,0,7,5,3,5,2,1,4,2,1,2,0,0,0,1,1,0,3,0,0,0,0,0,0,0
2017,13,223,58,33,44,24,43,27,31,28,23,22,22,17,27,16,20,9,17,12,21,12,12,9,10,22,13,13,11,9,11,5,9,9,6,12,7,5,9,11,10,10,10,2,3,5,2,7,5,8,0,5,5,1,2,7,4,2,3,3,10,7,2,8,4,4,2,4,3,4,2,1,3,3,0,0,1,0,0,0,0,2,1,0
2017,14,197,48,47,35,41,34,30,26,32,28,16,28,24,26,22,17,16,12,9,14,15,10,28,22,10,20,13,13,8,6,11,19,11,12,7,8,6,15,6,11,13,8,5,4,8,4,4,6,10,5,8,3,5,10,15,0,6,4,4,9,6,1,2,4,0,6,5,3,0,2,0,0,4,0,1,0,0,1,2,1,1,1,0
2017,15,143,50,28,36,39,35,28,29,22,13,18,15,28,19,31,15,12,21,21,17,11,19,12,8,15,12,16,4,6,9,15,13,7,8,2,14,3,9,7,10,8,8,4,6,6,2,2,4,7,5,5,6,1,4,4,1,1,6,3,2,5,5,12,3,1,5,4,3,0,0,1,1,0,0,4,2,0,4,1,2,2,1,0
2017,16,211,61,35,30,34,59,31,31,23,36,24,27,17,16,18,25,15,23,18,21,11,22,15,20,14,9,9,12,19,8,13,8,12,10,5,7,8,13,7,5,6,7,13,5,5,5,3,4,9,4,5,2,5,5,2,2,3,2,4,4,6,4,0,2,3,3,11,4,2,1,0,1,0,1,2,2,0,3,1,1,0,0,0
2017,17,188,69,47,43,36,38,33,25,29,46,24,28,23,21,33,20,10,13,12,14,10,15,27,12,17,10,8,8,9,9,10,15,16,8,16,8,1,6,4,7,7,4,11,13,3,8,4,6,3,6,2,3,2,3,12,5,7,5,0,12,2,5,0,3,2,3,2,3,2,0,0,0,1,0,3,2,0,0,1,0,1,0,0
2017,18,204,56,39,24,34,26,31,28,28,38,29,21,27,25,22,15,11,21,12,16,12,15,23,12,14,19,14,11,11,8,8,11,10,9,11,8,3,10,8,8,3,5,9,6,4,2,4,1,5,11,6,7,3,4,6,3,7,3,5,7,16,2,2,4,3,5,2,2,1,3,2,1,5,2,1,2,0,2,0,3,0,0,0
2017,19,222,71,41,22,39,41,27,27,18,29,27,31,26,30,15,15,8,11,14,22,11,17,24,13,12,15,13,6,14,14,9,9,8,6,3,9,7,4,9,12,10,8,9,5,8,3,4,2,8,5,6,7,3,7,4,3,2,9,2,6,1,3,4,1,1,5,7,2,0,3,0,0,2,2,1,0,1,0,0,1,1,0,0
2017,20,238,55,65,30,32,47,28,20,22,39,36,23,28,15,9,16,20,15,18,22,9,7,9,21,10,21,10,13,8,11,12,15,8,7,8,10,7,13,11,10,4,8,6,4,4,5,7,6,4,8,6,8,5,8,1,4,9,2,6,4,7,2,2,8,7,0,0,3,0,2,3,2,5,0,0,2,0,0,0,2,0,0,0
2017,21,188,69,39,37,45,43,27,28,24,32,29,20,22,18,29,22,12,12,9,18,12,10,16,13,25,10,7,16,15,6,13,23,5,13,14,17,5,8,8,6,8,7,10,7,7,5,9,8,6,13,6,3,4,6,2,3,7,3,2,9,3,4,3,4,3,5,2,1,3,0,2,0,1,2,2,1,1,2,0,1,1,0,0
2017,22,191,85,52,25,30,39,39,33,31,27,29,17,24,18,19,10,15,16,17,22,13,19,24,12,20,11,10,5,17,10,13,19,13,3,10,7,6,6,13,14,2,13,6,6,6,4,8,18,0,5,8,8,4,4,5,5,8,8,2,9,4,4,3,6,8,4,1,2,2,2,0,3,2,0,1,0,0,0,0,0,0,0,0
2017,23,210,73,46,25,38,43,44,27,30,40,24,35,27,23,23,15,21,20,20,19,15,19,27,25,16,16,13,5,11,17,13,20,11,11,9,8,8,11,5,6,6,6,9,7,9,3,11,9,4,6,4,4,4,5,7,4,10,1,6,7,5,2,5,3,1,4,3,1,1,3,0,1,2,0,1,2,0,0,0,2,0,0,0
2017,24,209,78,36,32,35,38,26,26,20,23,20,32,22,24,24,19,8,16,23,18,11,12,13,10,4,13,11,15,20,15,15,16,3,14,15,11,7,7,5,9,17,6,13,4,3,2,5,9,1,2,8,5,3,3,9,4,5,5,1,8,5,3,3,3,5,4,5,3,0,3,1,2,1,0,1,3,2,0,1,0,0,1,0
2017,25,250,66,47,23,43,39,25,38,37,34,18,22,31,18,13,13,23,22,26,18,11,19,18,6,6,21,15,9,12,18,18,17,6,15,8,10,4,11,8,8,10,15,7,9,7,4,8,9,2,12,10,8,3,4,8,6,8,6,5,10,8,7,4,5,4,0,1,1,2,2,1,1,1,2,0,1,0,1,0,0,0,0,0
2017,26,221,64,48,25,31,51,27,38,22,23,28,42,21,21,15,19,15,18,23,23,12,15,13,10,7,17,10,8,17,14,16,11,11,9,7,13,4,10,3,11,4,10,6,4,5,8,5,7,6,11,5,5,8,2,6,4,4,8,3,10,7,2,1,2,5,2,8,2,3,8,1,0,2,2,3,2,0,3,0,1,2,0,0
2017,27,219,61,56,31,37,48,31,30,23,30,16,31,25,25,14,14,28,20,20,11,9,12,18,5,12,8,8,4,4,16,10,12,10,9,9,20,9,11,15,9,11,6,11,5,3,5,8,5,5,6,7,2,5,4,1,5,2,3,6,4,2,7,2,5,6,0,1,0,1,4,4,0,1,0,0,1,1,3,0,1,2,0,0
2017,28,222,62,46,40,30,42,23,37,22,38,25,28,28,16,16,17,14,13,19,21,10,20,18,10,10,25,9,5,5,15,13,16,7,10,15,15,4,7,14,11,12,6,5,3,6,5,3,7,3,9,6,0,11,11,5,4,1,5,3,8,10,4,4,2,7,8,3,4,4,3,1,2,1,0,0,1,1,3,0,2,1,0,0
2017,29,122,63,16,17,33,25,21,24,18,22,32,16,19,14,21,7,8,11,20,13,15,5,23,10,7,8,13,11,8,5,6,10,7,8,6,6,6,2,7,4,4,4,3,4,5,2,3,8,6,3,10,4,6,5,3,1,2,1,1,8,2,2,2,5,6,3,4,1,1,2,2,2,2,1,0,3,2,2,0,0,0,0,0
2017,30,102,68,30,24,33,27,20,17,14,27,33,9,21,20,10,10,7,11,19,6,4,4,8,12,10,5,8,14,7,10,11,8,6,6,5,0,4,4,6,3,8,3,4,2,5,5,9,7,1,2,3,5,3,4,2,0,6,3,1,5,3,3,1,1,0,4,2,0,2,0,1,1,2,1,0,0,1,2,0,0,0,0,0
2017,31,167,70,38,22,30,45,33,39,38,38,21,32,22,23,14,15,16,14,19,14,15,14,10,12,11,14,7,17,15,18,9,12,8,5,7,9,5,6,6,10,9,8,6,6,12,6,4,3,6,2,2,7,7,6,1,8,5,8,3,16,5,3,4,5,4,2,1,1,2,1,0,0,2,0,2,3,1,1,1,0,1,0,0
2017,32,241,66,36,26,30,34,32,35,24,32,27,22,22,12,20,17,23,13,12,11,10,13,21,11,15,15,9,13,11,20,4,13,8,12,6,12,6,9,10,7,9,12,15,10,6,11,6,4,3,6,4,19,3,6,3,3,5,2,2,6,3,1,3,4,9,2,2,1,0,6,2,1,1,3,1,2,1,1,2,1,0,0,0
2017,33,194,64,41,42,25,39,40,43,29,44,23,29,23,24,21,22,17,20,19,11,12,22,26,20,10,10,14,16,11,11,3,14,9,12,7,5,9,9,8,5,15,9,6,6,9,6,7,4,4,8,11,7,5,3,6,5,3,4,2,8,0,3,4,3,4,0,2,3,2,1,2,8,1,1,0,1,1,0,1,0,0,0,0
2017,34,198,53,39,28,36,32,26,34,21,37,31,22,19,23,20,16,22,18,19,13,11,11,15,15,13,11,11,14,22,15,15,7,13,19,7,11,7,8,7,8,10,6,7,0,7,4,9,3,8,2,7,6,5,11,2,6,4,6,2,8,4,4,4,1,4,8,3,3,2,2,0,3,1,2,0,4,3,0,1,0,1,1,0
2017,35,212,62,48,38,36,25,23,34,21,25,22,19,26,21,30,13,25,16,17,29,16,11,16,12,16,14,14,20,12,14,10,17,9,11,9,7,5,7,7,6,18,13,5,8,5,6,4,3,5,6,8,6,9,1,2,5,3,3,1,5,1,4,5,2,8,3,2,2,2,0,2,0,2,3,3,2,3,0,2,0,1,0,0
2017,36,216,49,47,31,42,39,38,27,29,40,14,26,16,11,19,23,27,17,19,14,12,12,8,10,16,14,7,10,19,7,14,8,13,9,8,8,9,12,8,14,16,8,5,7,5,10,7,9,3,4,1,5,2,12,5,6,2,9,3,8,3,5,6,3,2,4,2,1,0,0,0,1,0,0,0,0,2,0,1,1,1,1,0
2017,37,205,65,52,33,36,48,28,33,28,25,20,24,11,17,36,20,13,21,10,21,10,14,14,8,12,24,11,12,26,11,10,9,10,11,13,10,8,6,8,2,4,12,6,5,8,12,3,2,10,3,6,4,6,2,5,2,3,7,2,4,3,3,4,6,3,4,1,0,2,1,2,1,1,1,0,1,0,2,1,0,0,2,0
2017,38,217,55,43,30,26,34,25,34,47,32,19,33,33,19,13,21,15,11,13,14,16,16,15,15,14,12,16,9,19,17,9,10,7,5,2,12,3,6,4,8,14,6,4,3,8,8,5,2,6,2,0,7,2,3,1,1,5,7,5,6,4,2,2,3,3,2,6,2,0,0,1,2,1,2,2,1,0,0,1,2,0,0,0
2017,39,230,66,50,32,25,33,24,33,31,30,25,24,27,26,15,42,25,11,19,27,9,10,19,6,8,8,8,3,6,11,13,22,15,21,3,3,8,11,9,3,12,6,8,2,8,6,5,2,5,8,6,1,0,6,4,2,3,4,3,11,6,3,2,5,2,2,0,0,0,1,2,2,2,0,1,4,0,0,1,0,0,1,0
2017,40,223,64,37,31,38,37,21,26,22,44,27,23,20,16,8,19,9,9,9,14,19,18,11,14,10,16,10,13,13,20,8,12,3,14,9,8,3,10,7,13,9,5,9,4,5,5,6,1,11,7,5,1,1,5,5,3,3,12,3,8,4,5,4,3,8,3,0,1,0,1,1,2,1,1,1,1,1,1,0,0,0,0,0
2017,41,233,87,47,31,33,52,31,32,26,25,32,29,25,17,15,28,20,11,5,14,20,22,12,5,13,13,13,5,13,27,13,15,16,18,12,3,5,12,6,6,9,9,11,6,6,5,8,3,7,15,10,10,3,4,6,0,2,4,2,5,7,6,1,6,4,4,2,1,1,3,1,2,4,0,2,2,0,2,2,1,0,0,0
2017,42,176,85,49,27,19,45,24,27,19,29,23,27,26,15,19,13,18,9,21,21,14,21,21,6,9,14,13,13,20,14,14,9,14,8,7,4,2,8,8,5,6,5,14,5,6,8,9,9,5,11,3,5,1,4,2,5,6,3,3,7,7,3,3,1,2,2,1,0,1,0,1,1,1,2,0,3,3,1,1,0,1,0,0
2017,43,204,70,52,27,28,52,33,35,17,43,24,31,30,12,15,20,21,17,11,24,14,24,6,9,14,18,16,15,20,8,6,6,7,15,12,7,6,4,5,4,2,16,4,2,3,18,11,5,6,17,2,14,4,4,2,2,6,2,4,11,2,5,9,3,4,7,0,1,3,1,1,4,2,0,2,2,0,1,0,0,0,0,0
2017,44,213,85,67,43,44,39,31,37,18,50,26,33,23,30,10,13,18,16,13,21,20,21,11,8,13,41,13,9,11,11,12,15,13,16,11,12,7,10,10,9,19,9,10,11,6,4,12,6,9,10,4,7,6,5,8,3,4,6,6,11,0,5,5,5,3,7,4,1,4,1,1,1,0,0,0,3,1,2,0,0,2,1,0
2017,45,228,75,47,46,38,31,32,23,31,37,20,38,30,23,16,22,14,16,11,28,14,25,9,7,14,17,11,12,14,13,9,12,10,13,22,9,12,7,6,3,5,17,7,2,4,8,9,5,7,16,7,7,12,2,6,3,4,2,4,11,1,2,3,4,2,0,3,0,3,0,1,3,0,0,0,1,0,0,4,0,1,1,0
2017,46,204,86,73,41,33,43,36,30,22,40,21,25,15,18,22,12,22,12,13,14,16,23,17,12,13,20,12,16,13,17,8,14,14,9,7,8,12,11,13,10,6,15,4,10,3,6,11,4,8,5,6,4,6,3,9,4,2,3,3,6,6,1,3,7,1,3,2,3,2,5,2,1,2,2,0,1,1,1,0,0,3,0,0
2017,47,226,67,49,27,33,35,30,26,17,38,25,32,27,19,14,27,16,13,30,23,19,15,20,9,12,10,17,7,20,23,8,12,11,7,5,11,6,5,3,15,13,14,11,12,8,7,14,4,9,7,3,9,7,6,13,3,7,3,3,4,6,2,5,1,2,3,2,4,1,0,3,2,0,1,1,0,0,1,1,1,1,2,0
2017,48,212,84,62,30,27,38,30,34,25,40,21,28,20,11,20,19,18,16,12,16,13,23,6,14,16,18,16,15,15,8,15,13,8,6,9,7,7,11,8,8,5,14,5,5,5,4,8,6,2,5,14,15,5,2,5,8,8,10,5,9,3,5,1,4,4,4,0,5,1,3,3,2,3,1,0,3,1,0,0,0,0,0,0
2017,49,184,89,47,22,45,37,31,52,21,31,15,24,30,16,21,17,21,17,8,24,9,24,29,11,10,14,26,13,18,7,11,10,4,6,10,8,9,5,4,8,9,9,8,4,7,6,6,7,10,3,5,3,5,4,5,5,8,7,5,7,3,3,5,7,3,3,3,1,0,2,0,2,3,1,0,0,3,0,3,1,0,1,0
2017,50,239,79,54,51,22,33,35,32,28,25,19,20,12,16,28,16,17,14,13,19,9,24,42,11,10,18,13,11,11,7,9,4,10,6,14,7,9,7,10,6,12,6,5,6,8,10,8,2,7,7,11,4,0,2,2,2,4,5,6,6,3,3,9,6,3,2,5,1,1,6,0,1,2,3,3,6,1,1,5,1,0,1,0
2017,51,200,91,36,35,45,32,26,52,25,33,20,24,39,19,28,13,17,12,16,27,7,21,13,11,16,17,16,17,14,11,14,11,8,6,8,8,5,3,4,8,3,7,12,2,9,5,12,8,9,17,6,7,7,4,3,3,3,4,5,10,5,3,5,0,2,1,3,3,5,1,1,4,2,1,1,1,3,2,0,1,0,2,0
2017,52,211,79,43,49,36,30,30,38,34,22,28,29,25,40,34,12,18,18,23,12,8,21,8,11,16,11,11,19,15,4,8,14,8,17,8,10,8,5,6,8,10,13,8,10,8,13,4,9,9,9,12,8,4,4,7,3,4,2,4,6,6,7,8,4,1,2,5,1,2,3,3,2,1,0,1,1,1,0,0,1,0,0,0
2018,1,204,91,44,34,35,35,27,25,23,23,29,26,21,45,19,15,16,23,27,17,17,14,12,12,9,8,7,15,26,9,17,12,13,8,19,10,9,16,12,8,4,18,3,10,5,8,7,4,4,5,5,9,7,4,9,3,7,3,3,12,5,5,3,2,0,1,1,2,4,0,1,0,3,1,1,2,0,1,1,1,0,0,0
2018,2,191,91,27,29,26,21,27,20,16,21,28,24,24,24,27,20,16,10,16,19,8,14,18,7,10,11,13,6,7,15,4,16,14,11,7,5,7,5,8,5,7,8,8,9,6,5,7,4,2,8,5,8,4,7,1,13,6,2,2,8,1,2,2,2,5,2,2,2,2,3,1,0,2,6,3,4,0,2,0,0,1,0,0
2018,3,214,60,52,31,34,34,28,28,31,25,25,16,20,46,35,27,14,19,12,15,12,14,8,12,8,10,9,6,14,9,7,7,9,9,6,8,8,6,6,3,10,7,12,5,8,7,8,2,2,3,4,14,2,6,1,13,5,3,4,4,0,2,1,5,3,5,7,2,3,11,2,1,1,0,0,2,2,1,1,0,2,1,0
2018,4,204,102,40,45,29,37,30,24,20,28,29,23,19,16,22,23,22,34,20,11,18,17,14,13,5,16,29,9,14,16,13,11,9,12,12,8,3,14,4,7,10,10,3,9,6,10,6,0,2,4,8,6,8,10,6,2,4,0,3,4,2,2,4,3,3,4,1,3,3,3,0,4,2,4,2,0,0,1,1,0,2,4,0
2018,5,203,77,53,46,37,27,22,26,20,34,18,28,23,18,26,27,20,29,12,24,15,21,30,14,7,8,12,12,17,12,8,8,10,8,7,9,16,5,9,9,3,13,9,6,5,5,13,6,1,3,9,6,14,6,5,3,2,0,3,17,5,3,4,2,2,2,0,3,3,2,2,2,2,0,2,2,2,1,0,0,0,1,0
2018,6,258,78,40,34,27,49,35,34,33,35,27,19,20,19,25,20,22,17,22,14,18,11,21,21,6,7,15,13,8,13,8,13,12,10,22,8,8,18,1,11,6,7,13,3,9,8,11,5,1,6,3,1,5,10,5,4,0,1,3,6,6,6,2,3,4,1,3,4,3,2,1,2,2,1,1,2,2,2,1,0,3,0,0
2018,7,213,82,61,44,47,43,29,23,28,31,25,25,23,20,29,23,13,26,16,18,16,28,19,18,13,16,13,14,11,16,12,17,8,8,13,7,7,18,7,7,5,7,8,6,14,5,10,5,4,4,4,5,7,2,4,4,2,6,2,8,8,6,1,7,4,4,1,1,3,1,1,1,4,0,2,1,2,1,2,0,4,0,0
2018,8,204,96,52,34,38,34,38,28,30,30,36,30,35,12,18,27,28,14,12,20,33,16,25,26,7,22,24,6,7,7,13,11,7,7,9,8,9,15,5,9,5,11,4,4,11,6,6,6,9,3,7,3,3,7,1,7,7,7,1,4,9,3,5,0,3,3,8,3,2,1,2,1,3,1,2,3,5,0,1,2,2,0,0
2018,9,189,72,40,39,33,26,36,35,29,19,33,20,27,29,24,21,9,10,26,12,17,15,17,15,8,17,25,15,11,10,9,13,8,14,9,12,6,7,6,5,8,2,10,5,10,6,20,3,4,7,2,6,6,9,5,1,12,5,0,10,1,1,3,3,3,4,6,3,1,2,1,3,1,0,0,1,0,0,0,2,0,0,0
2018,10,194,96,32,38,33,37,27,32,45,29,29,28,23,19,27,10,23,13,34,17,11,25,23,13,7,18,23,20,10,16,10,11,8,6,8,10,10,11,8,15,4,10,6,3,2,10,7,3,4,10,6,5,7,6,6,3,9,6,3,8,4,1,2,6,3,4,2,2,2,1,1,3,1,1,1,2,3,1,0,0,0,0,0
2018,11,215,57,60,25,35,33,44,36,34,38,33,21,26,29,27,20,24,20,24,25,18,15,21,9,12,10,22,20,5,11,10,20,15,8,18,7,8,10,6,11,7,14,16,5,5,5,5,7,6,8,6,2,5,6,5,6,4,5,6,14,3,4,3,4,4,3,3,5,3,3,0,0,0,0,2,3,6,2,1,0,3,0,0
2018,12,211,65,45,32,23,31,32,22,20,35,27,25,26,19,25,19,21,22,21,24,6,19,18,11,15,33,17,16,6,13,8,11,18,19,6,4,4,13,2,13,8,12,14,7,10,3,13,5,2,4,4,6,8,9,2,2,6,3,4,12,4,1,2,5,1,4,0,3,3,4,0,0,2,2,0,1,1,3,0,1,0,1,0
2018,13,174,71,29,26,29,28,21,24,24,37,22,21,12,24,32,27,22,11,24,15,13,23,10,9,15,8,11,15,12,12,13,17,7,5,18,8,4,7,3,4,6,8,8,4,4,4,7,4,3,5,3,3,3,10,3,1,4,6,2,4,3,2,3,1,2,7,3,1,1,1,0,1,0,1,5,1,1,0,0,1,0,1,0
2018,14,215,71,46,34,43,27,41,21,32,61,20,21,15,20,27,25,10,21,22,27,10,21,19,13,8,18,20,16,6,12,19,15,9,4,13,11,9,8,12,12,4,8,9,11,3,7,7,3,5,7,8,4,6,11,6,0,7,0,3,8,4,2,3,2,3,3,3,3,0,1,0,1,0,1,3,1,1,4,1,0,0,1,0
2018,15,210,82,31,29,29,35,24,35,27,34,17,21,17,25,22,15,16,25,7,18,16,19,23,7,20,10,16,12,8,14,10,13,14,9,17,4,2,9,9,10,6,12,10,22,9,3,5,4,5,24,6,3,5,9,1,3,12,6,2,6,4,3,5,4,2,2,2,0,0,0,1,2,3,0,2,3,1,0,0,2,2,0,0
2018,16,208,99,38,30,48,38,38,21,18,21,27,15,17,17,14,23,17,11,11,16,13,17,13,14,14,18,13,10,8,11,16,8,3,7,9,3,17,11,11,9,11,8,4,8,3,9,6,3,2,6,8,1,6,3,4,4,6,4,3,8,9,2,2,3,3,1,4,1,4,2,1,0,4,0,3,2,2,0,1,0,0,2,0
2018,17,232,73,32,42,51,44,38,27,25,57,24,19,30,16,21,22,7,10,16,16,14,21,11,18,10,19,19,9,9,6,13,15,6,17,14,6,7,9,14,10,8,5,8,11,5,4,12,3,8,4,3,3,2,5,4,3,9,1,3,6,6,6,1,4,4,8,2,2,1,2,1,1,0,0,3,0,0,0,1,0,1,0,0
2018,18,214,87,44,39,40,45,30,32,23,32,22,24,15,15,22,6,22,27,17,32,12,24,20,15,17,13,14,10,7,5,7,15,9,4,15,8,5,3,13,4,2,11,7,7,8,11,5,6,3,8,9,5,3,6,5,1,8,6,3,4,10,3,2,1,0,4,5,0,0,4,4,0,1,0,5,1,0,0,1,2,1,0,0
2018,19,167,85,47,30,30,25,50,27,30,35,7,25,22,16,18,20,11,14,18,15,8,23,23,15,6,15,10,16,13,11,12,18,15,9,6,13,9,10,8,7,5,6,15,10,7,11,14,1,8,2,4,7,10,5,6,6,6,6,0,6,5,5,3,3,2,3,1,1,2,2,3,0,0,2,2,2,1,0,2,0,0,0,0
2018,20,187,73,46,35,26,37,51,16,32,21,18,24,26,17,16,16,18,17,13,28,15,12,16,18,10,16,13,11,14,9,14,17,10,5,10,4,2,10,12,12,7,5,7,11,1,4,7,2,10,11,4,6,2,4,6,1,4,2,3,7,9,4,2,2,9,0,7,0,2,1,2,0,0,1,3,2,0,1,1,0,3,0,0
2018,21,214,100,42,40,32,28,28,31,20,42,18,31,29,18,23,18,20,16,19,14,11,19,15,16,12,19,20,8,12,11,13,11,15,6,6,12,4,8,6,5,9,9,5,6,9,4,9,7,6,6,2,3,3,10,3,3,2,3,3,6,5,4,4,1,5,2,2,0,1,0,5,0,0,4,7,2,1,1,2,1,0,0,0
2018,22,215,55,48,36,34,36,30,30,33,36,23,39,25,15,19,15,15,18,18,20,14,27,27,9,17,11,7,9,12,10,9,20,10,13,9,8,7,14,9,9,3,11,3,6,5,1,6,8,9,7,3,5,3,2,10,2,5,5,1,3,5,7,3,5,5,4,3,3,0,0,1,1,1,1,3,1,2,1,0,2,2,0,0
2018,23,206,67,44,33,31,22,41,31,49,39,17,33,31,29,13,10,20,24,11,23,10,19,11,11,12,13,14,8,12,16,5,13,14,15,13,11,4,16,11,8,6,9,6,8,7,4,5,7,5,19,1,4,7,10,4,4,5,6,8,8,9,4,3,1,2,4,3,2,5,3,1,2,1,0,3,2,2,0,2,1,1,0,0
2018,24,253,79,55,36,24,34,28,21,26,36,32,30,23,16,24,18,17,18,14,15,16,18,14,9,14,21,10,4,12,8,7,12,14,11,6,15,8,8,5,15,10,8,9,5,9,6,10,7,3,10,6,0,6,6,9,2,1,2,1,7,15,7,2,4,2,3,0,2,2,1,2,1,1,2,1,0,3,3,1,1,0,0,0
2018,25,207,65,48,31,22,30,31,42,29,38,22,24,13,28,24,14,23,12,26,13,12,27,13,12,11,20,12,8,7,11,10,13,11,12,20,7,6,12,7,4,7,3,14,2,12,13,8,5,4,7,9,5,4,2,7,3,4,3,5,2,7,2,2,2,6,2,5,2,2,2,2,1,0,2,1,0,4,0,1,0,0,0,0
2018,26,245,79,52,32,21,41,38,40,30,33,20,32,21,22,24,19,13,17,13,18,7,14,13,15,9,21,14,10,10,10,6,18,11,6,7,13,11,5,9,5,6,6,3,9,2,12,4,2,6,10,7,4,11,3,8,8,7,4,5,14,3,2,2,2,3,2,4,2,0,1,1,0,0,1,1,0,0,0,2,0,0,1,0
2018,27,216,106,46,47,30,46,26,43,25,35,31,25,13,20,30,19,25,11,17,10,8,14,17,8,17,15,16,9,12,10,7,6,8,15,7,11,11,14,7,13,11,6,8,3,5,3,10,6,5,2,5,5,4,10,7,4,7,4,9,5,3,5,5,9,4,2,4,5,1,0,1,1,1,1,1,3,1,1,2,2,3,0,0
2018,28,220,57,52,43,33,38,31,30,23,23,35,23,20,19,26,16,19,18,20,18,15,12,18,17,17,8,15,8,8,11,4,14,10,8,13,7,12,11,12,11,10,11,8,5,9,7,10,7,1,4,3,5,5,7,2,6,5,3,4,8,8,1,5,0,2,3,12,1,1,0,0,1,1,2,3,0,2,0,0,0,0,0,0
2018,29,204,83,52,40,30,25,38,24,31,39,25,32,11,18,18,20,20,15,19,11,9,25,12,12,8,8,8,10,11,12,18,13,17,8,9,20,6,15,17,12,18,7,7,15,12,4,8,4,6,3,5,4,2,3,5,6,2,7,4,13,4,3,2,4,6,4,10,3,3,2,0,1,1,2,1,0,3,1,1,1,0,0,0
2018,30,236,74,43,47,50,35,21,28,23,30,24,26,12,21,15,16,23,26,17,18,7,10,19,16,14,7,9,17,11,18,9,18,7,7,11,13,8,16,13,11,4,10,5,6,9,4,6,6,5,5,5,4,2,4,6,1,4,4,3,12,2,3,3,3,5,2,12,2,0,2,0,0,3,1,4,0,3,0,1,1,0,0,0
2018,31,225,63,48,43,29,39,38,38,37,27,23,24,21,26,28,24,29,20,20,10,11,18,20,14,13,7,9,12,18,20,9,16,12,8,11,9,1,15,9,11,5,8,5,11,5,6,8,7,6,11,6,4,2,1,2,6,1,2,4,7,8,2,6,4,5,1,7,4,1,0,2,1,4,1,0,1,1,0,1,0,2,1,0
2018,32,214,78,53,38,28,37,36,21,31,19,27,19,23,14,14,19,26,13,10,13,8,21,26,10,12,7,21,8,10,21,5,10,15,20,9,15,7,13,8,7,5,7,2,5,5,5,8,7,4,3,4,5,7,4,10,3,4,8,7,16,7,3,2,1,6,0,6,2,2,3,0,0,0,1,0,1,4,0,1,0,0,1,0
2018,33,232,74,35,37,47,31,31,30,28,26,22,19,18,15,23,17,15,14,16,15,14,13,23,13,21,9,12,8,15,18,11,10,11,14,4,10,8,7,11,13,3,8,16,9,5,5,7,8,12,6,4,5,3,6,4,7,4,2,0,7,9,4,5,3,2,3,7,7,1,3,1,3,0,0,1,1,0,2,1,0,0,0,0
2018,34,237,83,56,30,38,34,37,21,42,24,22,30,31,17,13,18,19,19,17,21,12,20,18,14,17,9,19,11,14,16,7,21,12,28,7,21,6,26,9,7,9,9,7,11,11,10,11,14,8,7,7,6,6,10,1,6,1,1,4,9,3,5,4,1,4,1,4,2,1,0,0,0,0,1,0,1,2,1,1,0,1,1,0
2018,35,241,52,36,36,45,31,32,26,38,26,30,18,23,22,22,11,20,17,13,16,11,16,19,13,19,8,18,18,12,5,8,30,12,11,11,17,11,12,13,11,9,17,4,9,7,4,11,8,7,8,11,3,7,6,6,2,2,7,4,12,6,1,3,1,3,1,8,1,2,3,0,0,1,0,1,3,1,0,0,0,1,0,0
2018,36,207,56,33,35,17,47,31,18,29,25,26,22,20,11,20,26,10,18,17,15,12,22,23,12,14,15,14,12,14,14,9,14,8,8,11,8,7,9,8,9,5,8,7,18,6,7,8,5,8,6,4,9,2,6,3,5,4,5,7,7,4,3,3,0,2,4,4,1,2,1,0,0,0,1,1,1,1,2,0,3,1,0,0
2018,37,257,50,45,18,41,26,40,30,31,38,20,30,22,20,14,26,15,21,14,11,23,8,21,9,12,7,13,15,21,15,4,19,11,12,5,19,3,7,10,15,6,7,7,7,12,10,7,7,4,9,3,6,6,7,3,4,2,1,4,10,8,2,3,5,2,4,14,0,1,4,2,1,1,1,0,3,1,1,1,3,1,0,0
2018,38,243,80,39,31,41,34,29,26,42,36,25,45,30,22,21,20,16,15,14,25,16,15,21,16,13,13,15,7,12,11,9,19,4,10,13,12,7,16,5,12,9,9,5,9,9,6,12,7,7,5,9,6,3,8,6,7,1,8,6,6,1,4,1,1,2,2,2,3,1,1,1,3,1,1,0,7,0,0,0,1,2,0,0
2018,39,231,78,48,41,40,30,23,32,26,43,19,29,29,25,16,15,17,10,12,14,14,16,21,24,8,12,21,15,11,10,10,10,8,9,6,7,4,19,6,6,15,12,16,4,7,12,8,8,12,7,6,3,6,6,7,7,4,3,2,6,7,3,7,2,2,2,2,5,2,0,0,1,2,0,2,5,3,1,1,2,0,0,0
2018,40,181,68,31,34,29,47,34,41,29,41,20,28,22,16,22,15,16,12,11,19,21,12,21,9,10,12,15,10,13,16,13,15,6,10,16,10,8,8,4,10,8,8,6,11,7,9,3,5,5,6,2,3,7,10,1,4,8,8,5,8,2,3,5,2,3,4,3,3,2,2,2,2,4,0,1,0,1,0,0,2,0,0,0
2018,41,199,67,47,29,30,24,44,29,19,35,28,17,30,18,14,30,15,7,9,9,24,17,11,9,22,17,18,12,8,8,11,10,13,15,6,9,16,6,9,10,15,10,6,6,8,3,8,3,9,9,4,6,5,4,3,1,4,4,5,11,3,3,3,2,4,0,5,3,1,2,0,0,2,2,2,5,2,0,0,3,0,2,0
2018,42,200,60,67,32,30,35,24,24,23,34,13,23,30,15,15,21,11,14,12,11,10,17,15,9,21,9,10,10,13,12,5,23,14,10,8,24,10,12,5,9,2,12,4,4,6,5,6,7,8,5,7,3,3,4,3,2,7,1,2,12,4,6,3,12,3,2,6,3,1,3,1,0,2,0,1,4,2,0,1,0,0,0,0
2018,43,241,69,55,27,36,47,26,33,38,51,18,21,33,21,19,20,22,12,12,15,20,23,19,7,30,8,4,24,8,8,11,14,7,9,12,10,13,13,8,4,3,7,7,11,9,3,5,2,6,11,6,4,4,3,2,3,5,9,4,9,5,5,0,5,2,3,5,1,3,0,3,1,1,1,2,1,2,1,1,0,0,1,0
2018,44,254,60,56,36,36,34,37,32,38,29,24,28,24,32,19,19,19,10,10,25,8,22,12,14,24,13,23,7,13,12,13,8,4,5,7,6,11,12,10,12,6,3,6,11,6,7,8,8,3,6,12,2,10,5,3,4,3,2,7,8,1,4,0,4,2,1,0,2,2,1,1,0,4,1,0,4,1,3,0,1,1,1,0
2018,45,224,71,38,28,30,30,35,26,31,34,18,27,27,15,16,21,18,5,12,16,26,27,16,21,28,17,18,6,7,14,17,6,6,13,5,16,13,17,4,10,3,11,11,6,5,3,6,7,7,5,5,5,10,7,3,1,10,9,8,7,1,3,1,2,2,2,1,3,3,4,5,3,3,0,0,1,1,0,1,1,1,1,0
2018,46,230,41,27,45,47,48,38,27,29,30,26,22,22,21,19,6,24,10,22,18,17,14,21,22,14,16,15,10,8,21,12,8,5,10,10,5,9,13,5,9,3,6,2,17,5,7,8,4,4,12,4,9,12,1,5,2,8,7,4,8,5,7,3,6,6,0,4,3,3,1,2,2,1,0,3,0,0,2,0,1,0,0,0
2018,47,219,65,50,23,28,34,38,28,21,21,20,30,29,22,37,15,12,9,22,23,25,16,11,13,11,18,16,21,19,13,9,11,9,6,18,8,6,9,10,5,4,4,12,8,6,6,5,5,12,9,4,2,2,5,3,5,9,3,3,4,9,3,2,0,2,6,3,3,2,0,4,3,2,2,1,6,1,1,3,2,1,1,0
2018,48,238,58,51,38,38,35,23,36,48,31,14,23,35,14,22,15,17,11,11,15,24,15,13,9,15,14,7,9,13,22,13,8,5,13,10,13,9,10,6,6,6,5,11,11,8,4,4,4,6,9,7,1,5,3,6,3,5,3,2,6,6,4,2,4,5,3,2,3,1,0,2,2,0,0,0,8,1,2,4,1,1,0,0
2018,49,189,42,45,28,25,32,21,21,26,34,20,22,9,13,25,4,11,11,14,17,8,22,15,15,14,14,10,1,13,14,20,14,7,14,15,9,11,9,5,5,8,9,5,5,7,7,4,3,2,1,5,1,8,9,1,3,6,2,8,15,2,4,3,3,6,3,0,0,1,1,1,1,1,1,2,3,1,2,0,0,0,1,0
2018,50,220,54,46,33,30,31,41,27,24,33,15,23,20,19,21,3,19,8,26,27,14,4,22,16,6,19,21,3,19,18,17,10,5,18,8,16,7,4,7,18,6,11,5,8,7,6,6,7,2,3,10,4,6,0,10,1,5,5,6,7,4,2,5,4,2,5,1,1,1,2,4,1,1,0,2,3,1,2,2,1,0,0,0
2018,51,181,56,40,22,30,39,16,25,26,19,16,43,36,5,10,16,14,16,20,11,12,18,10,8,8,6,12,15,12,10,12,11,13,11,9,3,11,6,9,3,6,8,12,3,6,3,5,4,14,8,11,6,5,4,3,3,4,4,4,7,8,3,0,3,4,3,1,2,1,1,2,0,2,2,0,1,3,2,1,0,0,0,0
2018,52,189,65,48,30,37,33,26,21,53,28,20,22,31,25,29,13,19,11,24,19,16,25,19,22,6,7,14,19,13,11,13,5,9,8,10,14,6,6,9,5,5,8,6,3,3,9,0,3,4,5,5,7,2,3,3,6,3,1,4,2,3,2,1,4,1,6,4,0,2,0,1,3,1,0,1,3,2,1,0,1,4,7,0
2019,1,217,81,46,40,60,49,27,32,31,23,19,18,29,58,34,22,17,20,22,16,15,14,13,26,6,12,14,21,9,15,13,14,10,10,3,18,6,23,12,7,6,6,4,5,7,9,9,7,6,5,8,8,2,7,3,2,5,3,5,8,4,2,5,2,2,2,2,1,4,3,2,3,1,2,1,1,4,2,0,0,1,0,0
2019,2,200,64,43,34,32,40,30,24,27,22,13,17,19,35,18,15,15,18,10,18,13,18,16,20,17,11,17,11,15,5,11,12,4,10,3,7,6,4,8,3,12,4,4,7,5,10,11,2,1,0,7,4,1,6,2,13,5,1,4,8,1,2,4,2,1,3,3,1,0,0,0,0,1,0,1,8,0,3,2,3,0,1,0
2019,3,170,56,39,37,29,26,49,15,32,35,24,24,23,38,24,20,12,12,17,15,18,11,13,13,21,12,6,18,12,17,10,6,8,7,11,14,10,4,6,6,3,6,6,9,5,8,2,6,4,4,8,4,8,4,1,8,8,6,0,13,2,2,1,4,3,3,4,1,2,3,0,0,3,3,2,4,0,0,0,3,1,1,0
2019,4,174,56,38,25,29,38,34,25,24,37,20,28,24,14,19,17,16,12,22,28,12,15,11,18,8,18,9,8,15,17,7,12,8,4,10,4,8,16,7,4,9,8,14,5,5,9,3,3,13,4,4,9,4,9,2,5,4,2,3,11,2,5,3,2,3,1,3,0,2,0,2,2,1,6,1,3,0,1,0,0,3,2,0
2019,5,155,55,49,40,30,34,38,33,27,39,23,22,35,12,20,20,14,11,16,13,14,11,11,27,10,7,19,9,10,10,5,5,10,15,8,6,9,4,5,6,7,11,8,12,8,12,2,15,6,4,6,7,10,5,4,4,7,4,2,6,1,2,5,5,3,2,4,2,2,3,0,2,0,0,2,4,1,0,0,0,1,4,0
2019,6,190,71,39,41,31,34,30,23,23,42,17,43,12,17,22,13,11,11,5,16,18,17,10,16,19,17,10,14,22,9,8,12,8,11,16,8,5,9,13,6,4,5,5,10,7,8,11,7,7,4,3,6,1,2,7,2,4,5,2,7,2,5,3,13,7,5,3,2,4,3,0,2,3,0,2,3,1,0,0,1,0,2,0
2019,7,219,51,43,34,30,57,21,24,25,32,24,27,13,12,23,21,20,16,20,23,14,6,12,14,26,6,10,26,19,18,8,15,9,6,9,13,10,7,12,8,7,5,10,10,10,4,6,4,10,5,5,6,9,1,6,3,4,2,6,15,4,4,3,2,7,2,8,2,4,2,2,2,2,1,1,4,4,0,1,1,0,0,0
2019,8,234,54,41,41,32,37,35,20,25,50,24,23,29,15,16,10,16,12,16,8,18,12,14,16,17,10,15,19,10,13,2,12,3,6,10,9,10,4,5,7,5,5,3,11,4,11,8,4,12,7,4,1,8,7,5,4,10,4,5,3,4,3,2,3,3,1,2,2,1,0,2,0,0,0,0,1,1,2,0,0,3,1,0
2019,9,220,60,36,33,32,39,30,21,34,31,30,32,16,25,31,18,21,5,7,13,21,12,13,28,10,8,10,20,16,4,6,15,4,7,9,7,6,6,12,3,5,10,7,12,7,9,5,6,11,22,4,2,4,7,9,5,0,6,0,5,4,3,2,2,4,5,0,3,1,2,2,2,2,2,1,1,1,2,0,2,2,1,0
2019,10,227,72,30,27,30,33,49,19,32,39,25,35,21,16,18,25,17,13,14,20,27,15,15,14,14,14,14,13,12,6,7,9,10,13,7,15,9,16,6,2,6,11,6,12,5,2,2,4,10,4,7,2,6,6,2,3,1,4,3,7,4,3,4,2,1,3,2,0,1,0,1,0,1,2,1,2,3,3,0,4,0,1,0
2019,11,223,63,48,28,36,32,50,24,30,49,21,42,33,21,21,27,25,12,24,17,16,15,10,14,11,22,14,16,8,9,16,9,16,8,9,17,15,10,9,5,6,11,5,14,13,7,8,3,4,2,6,6,3,8,5,3,5,5,1,20,3,4,4,1,1,1,2,0,2,1,4,1,1,2,1,1,0,1,0,0,0,1,0
2019,12,181,45,36,30,40,37,46,23,26,35,19,43,31,19,12,24,18,20,24,20,9,10,16,13,7,10,12,12,11,15,11,11,11,11,11,14,4,12,12,7,10,10,5,14,15,1,4,6,3,3,6,2,6,6,5,7,3,2,1,11,1,3,4,10,4,5,3,3,3,4,0,1,0,2,2,2,2,2,1,1,0,0,0
2019,13,246,70,39,38,31,23,50,19,36,49,27,34,25,13,23,31,16,20,25,9,16,14,6,15,7,9,11,16,11,11,16,13,11,7,6,9,11,8,7,6,17,5,7,9,6,2,4,8,7,2,9,7,8,2,6,7,2,0,5,9,2,4,4,7,4,3,2,3,1,6,0,1,1,2,8,3,3,2,0,0,0,0,0
2019,14,224,60,41,22,40,20,44,21,41,41,20,23,24,14,29,30,17,16,25,13,9,9,12,10,6,14,17,11,6,10,9,12,13,8,7,10,6,13,3,8,11,5,10,4,17,9,5,5,10,8,9,6,5,4,10,3,1,2,3,6,5,4,4,9,2,4,6,4,2,1,2,0,2,0,3,3,2,1,3,4,3,0,0
2019,15,223,67,41,40,24,38,23,16,37,41,27,26,25,17,14,24,15,17,14,13,9,12,8,17,29,11,17,10,8,12,13,6,13,9,9,6,8,5,6,7,6,7,5,4,5,3,11,6,5,4,9,1,5,5,5,5,5,3,5,10,1,1,1,5,1,2,4,7,4,1,2,1,0,0,0,2,0,0,0,1,1,1,0
2019,16,173,49,29,40,39,30,39,28,25,16,28,28,24,23,21,5,19,16,13,20,15,13,18,10,17,6,10,10,4,4,16,4,12,9,9,13,8,10,10,2,4,8,6,11,8,5,6,13,4,2,10,5,8,4,5,3,6,3,5,5,2,0,5,3,0,6,2,2,3,2,4,3,1,1,2,0,3,1,0,0,3,1,0
2019,17,247,58,38,41,34,28,26,18,31,54,20,26,30,9,27,28,15,16,9,16,15,16,20,16,12,9,13,13,14,7,13,11,7,4,8,10,8,9,9,7,6,10,5,15,8,4,2,7,9,3,11,4,2,3,4,0,3,2,5,7,4,3,3,5,2,6,8,3,1,1,2,1,1,0,2,3,3,0,0,1,0,2,0
2019,18,195,77,38,45,40,27,39,25,28,26,33,25,29,10,16,17,14,38,17,21,17,13,20,16,11,7,15,14,10,13,18,13,6,8,13,10,13,16,15,8,9,3,15,13,7,7,9,13,10,9,4,2,8,7,6,5,2,2,2,12,2,2,1,2,3,2,6,0,4,1,0,1,2,1,1,2,1,2,0,0,0,0,0
2019,19,250,56,33,30,31,28,33,26,25,26,30,21,13,12,20,23,18,14,8,13,13,15,24,17,11,11,12,11,16,14,14,11,13,9,15,8,9,9,3,4,4,7,6,3,4,5,10,7,10,3,6,4,1,3,2,4,3,5,13,7,5,3,3,7,3,6,4,2,7,2,3,1,0,0,0,3,3,2,1,1,0,1,0
2019,20,250,71,54,48,39,30,29,18,25,18,36,43,15,16,19,16,17,6,16,17,16,15,10,9,11,16,12,17,12,4,7,12,11,3,6,15,9,9,8,1,9,10,5,4,5,8,12,5,8,2,3,7,4,3,3,8,3,4,5,5,3,4,4,1,2,3,2,2,1,1,0,1,0,4,0,0,0,0,1,0,0,1,0
2019,21,223,75,52,28,31,45,26,16,28,40,24,23,29,18,8,12,20,14,13,25,19,14,11,7,11,5,21,13,11,18,11,13,13,6,19,9,7,9,8,6,10,8,9,4,8,5,5,6,8,6,5,4,10,4,3,6,1,2,7,8,5,3,3,2,3,3,2,2,4,2,0,1,2,3,1,2,0,1,0,1,1,1,0
2019,22,275,57,59,39,37,29,38,21,37,20,23,21,28,13,30,10,17,7,18,25,8,23,14,14,9,11,9,13,5,11,14,9,8,12,18,3,10,6,11,6,8,12,6,4,5,7,9,11,5,6,5,4,3,5,5,7,1,4,1,9,3,2,1,6,5,1,4,3,5,1,3,2,1,1,1,2,0,0,0,1,1,0,0
2019,23,245,58,39,41,35,24,30,14,18,30,20,28,19,10,19,13,10,10,19,14,17,28,15,7,11,8,21,11,11,19,11,7,6,4,14,17,9,5,4,12,11,15,7,2,7,5,6,12,14,2,0,7,11,3,4,7,0,7,2,7,4,2,4,1,4,2,1,3,2,2,3,0,1,1,0,3,1,0,0,3,0,1,0
2019,24,221,68,49,37,28,43,37,33,25,35,23,24,27,18,26,26,16,16,17,26,18,12,15,7,15,15,14,15,16,19,17,9,15,7,15,10,6,13,6,9,5,10,6,11,4,8,5,11,5,4,10,4,6,6,10,5,3,1,8,9,2,6,3,3,6,3,2,0,3,1,0,0,3,3,1,0,1,0,0,0,1,0,0
2019,25,253,67,46,31,31,28,31,24,29,30,17,30,25,16,20,17,12,18,23,15,12,14,13,18,10,13,7,11,13,6,14,13,8,9,18,7,8,11,5,9,4,8,13,13,7,11,11,4,8,4,12,11,7,3,4,2,3,3,4,10,5,3,3,4,2,4,5,1,1,2,4,1,0,1,0,1,0,2,3,1,0,0,0
2019,26,201,66,45,22,35,27,26,17,15,25,21,22,22,12,17,19,18,15,10,22,12,10,19,15,10,8,16,11,10,7,19,13,9,9,19,4,9,14,9,6,6,9,10,4,8,10,8,10,6,2,14,4,9,5,5,3,13,4,8,7,6,4,3,1,1,4,13,6,2,0,2,1,2,0,1,1,0,1,1,1,1,0,0
2019,27,191,76,50,33,26,38,26,39,26,21,26,31,22,14,25,14,13,9,16,13,22,19,17,14,16,9,11,11,12,16,12,10,11,10,7,11,10,5,10,10,7,7,9,6,4,5,11,9,7,6,11,6,5,3,1,1,17,6,12,1,2,3,1,1,1,1,1,3,0,1,1,1,1,2,1,2,1,2,2,0,0,0,0
2019,28,220,47,35,33,48,32,35,30,21,32,27,32,23,21,17,17,14,15,19,10,15,20,10,17,18,5,8,18,6,14,11,12,13,7,24,8,7,7,11,4,10,7,7,6,4,12,3,1,4,4,8,14,8,7,3,7,6,5,6,9,1,5,2,5,4,5,7,5,2,1,1,0,1,0,0,3,1,2,0,1,2,2,0
2019,29,210,64,49,30,42,43,33,23,27,25,36,29,31,15,31,27,15,14,13,10,19,10,10,8,7,6,7,19,12,13,9,10,14,5,15,7,6,9,11,3,6,17,2,4,6,8,4,10,7,5,5,8,3,5,4,3,5,5,3,11,3,0,3,3,2,3,1,0,3,1,2,1,2,2,1,2,0,0,0,0,1,1,0
2019,30,183,69,32,34,38,33,40,32,19,37,39,37,22,24,25,11,24,21,13,21,21,22,19,12,14,11,15,18,12,10,13,4,13,7,9,4,8,10,7,10,13,9,4,3,7,4,6,4,8,8,4,5,4,3,2,4,10,5,6,3,0,4,4,4,5,1,2,5,0,1,3,0,4,0,0,6,1,2,0,1,0,1,0
2019,31,245,49,34,30,29,36,34,31,26,28,31,18,21,21,37,28,19,12,17,11,16,15,19,11,7,9,15,9,11,9,11,14,11,11,14,11,11,5,13,6,3,3,5,1,8,4,7,5,3,5,10,6,3,2,8,4,4,2,3,7,1,3,4,1,6,5,6,2,1,3,3,1,1,1,0,2,1,2,0,1,0,0,0
2019,32,205,56,36,32,60,57,24,22,19,43,20,19,15,39,19,27,10,10,9,18,16,6,18,14,12,13,17,15,9,17,12,9,11,11,10,9,10,11,8,7,3,6,8,9,5,7,1,7,7,7,4,8,10,1,4,3,2,1,4,8,3,10,3,3,2,2,10,2,4,2,3,1,0,1,1,1,0,3,0,2,2,0,0
2019,33,228,60,32,36,49,31,31,31,29,22,25,31,32,17,33,17,17,25,19,18,18,10,14,13,7,12,10,11,17,14,17,14,15,9,18,8,8,11,10,9,4,13,11,3,9,7,7,8,13,4,2,6,4,2,3,2,0,0,3,5,4,2,3,1,3,4,2,5,0,0,2,4,2,0,2,1,0,0,4,0,2,0,0
2019,34,212,46,39,31,34,51,43,20,20,42,25,38,31,30,19,19,12,31,10,16,25,28,4,9,16,13,14,11,9,7,10,16,15,13,9,3,9,7,10,7,12,6,11,2,7,4,13,9,3,6,1,8,7,9,8,5,5,3,6,7,2,3,5,3,5,6,4,2,1,2,1,2,0,1,2,6,3,2,0,2,1,3,0
2019,35,244,69,38,31,22,43,52,31,38,27,29,27,27,33,22,20,34,24,17,20,16,20,10,8,14,18,13,12,8,14,18,22,23,20,8,10,9,10,7,7,10,3,9,6,11,19,9,11,12,7,9,8,5,11,6,4,0,8,3,11,3,3,5,4,1,2,4,2,1,2,3,1,0,1,2,0,1,1,1,2,1,3,0
2019,36,227,75,38,33,28,31,35,13,25,25,18,31,32,17,17,20,10,18,8,10,12,26,11,12,10,13,18,7,10,17,15,12,19,10,14,7,8,8,8,8,6,5,7,8,10,3,7,5,13,4,13,8,5,5,7,1,7,2,2,7,3,4,4,0,1,3,2,4,5,5,1,2,0,2,8,2,1,2,0,1,2,0,0
2019,37,244,46,42,42,30,44,28,18,32,27,21,18,28,19,15,21,11,14,8,21,21,28,8,9,11,9,4,14,20,16,17,11,17,10,9,8,8,13,8,5,7,8,7,3,9,4,5,4,7,12,4,8,4,6,5,5,3,0,7,12,2,2,7,5,3,4,6,1,2,3,3,2,1,2,1,1,2,0,1,1,0,0,0
2019,38,242,45,35,42,25,24,30,14,29,33,26,23,23,16,20,13,28,18,14,15,12,15,10,9,11,15,7,11,18,7,13,11,12,6,8,11,16,11,5,6,2,7,7,0,15,2,7,8,9,3,6,4,1,5,7,5,4,3,5,5,3,3,2,4,4,5,5,4,1,1,1,0,3,1,1,1,0,1,2,4,0,1,0
2019,39,246,59,32,27,34,38,34,22,23,33,15,23,20,9,17,13,25,12,14,11,27,13,10,9,18,22,12,17,12,14,13,14,13,21,12,7,18,8,9,10,4,7,3,7,3,4,4,15,12,2,9,3,3,6,1,6,10,4,2,10,7,2,10,2,1,5,3,2,0,0,2,1,2,1,0,3,1,0,1,1,2,0,0
2019,40,220,57,39,22,30,48,36,29,23,36,26,32,32,15,21,17,11,14,4,17,24,13,10,5,13,17,17,10,10,11,17,6,6,12,14,4,15,4,8,7,4,6,11,4,8,5,4,6,9,17,3,1,3,2,4,7,6,5,2,5,3,2,2,3,3,5,0,4,0,2,1,1,1,3,0,0,0,1,1,1,1,0,0
2019,41,221,64,41,40,43,30,29,26,26,35,14,28,37,14,13,16,11,7,7,28,16,21,13,12,7,15,13,8,10,13,11,9,18,14,13,2,16,7,4,3,13,4,11,4,12,7,7,11,7,5,10,9,6,1,6,3,1,2,6,4,2,6,0,1,4,2,0,2,5,3,1,1,2,1,2,0,0,0,0,2,0,0,0
2019,42,220,75,34,29,31,33,33,30,33,37,30,21,24,15,7,23,27,11,12,13,20,19,7,4,13,14,7,13,12,7,16,7,13,4,9,5,19,3,11,8,9,4,8,10,9,7,5,10,6,4,5,7,0,3,9,3,15,3,8,7,3,1,3,2,3,1,2,4,2,0,3,2,2,1,1,2,0,2,2,2,1,0,0
2019,43,206,58,52,28,29,29,38,25,17,33,13,14,33,23,30,22,18,9,10,16,12,14,14,13,6,16,13,24,9,11,15,10,2,7,21,5,13,7,6,7,5,9,11,6,13,2,2,19,10,37,6,2,4,7,8,8,9,3,4,5,2,2,1,2,2,0,2,3,3,1,0,0,1,5,0,0,9,1,0,1,1,1,0
2019,44,240,66,40,37,24,39,23,20,34,41,24,19,27,17,24,21,18,18,6,8,21,15,15,8,12,9,18,10,9,11,11,16,6,14,16,15,6,3,8,7,7,10,8,10,5,7,8,6,3,3,10,4,3,5,4,6,3,4,2,12,7,2,2,0,4,4,1,10,2,0,2,1,3,2,0,0,1,0,0,1,1,0,0
2019,45,211,55,42,32,24,31,12,27,28,19,28,30,21,15,13,20,19,17,7,19,16,14,13,12,16,10,12,11,9,9,11,7,16,8,6,10,12,6,8,7,11,12,8,7,11,2,3,11,10,3,2,4,2,6,1,7,2,3,7,9,0,3,1,3,5,3,2,5,0,0,4,0,0,2,4,1,2,1,0,1,1,1,0
2019,46,214,61,55,31,31,25,31,31,26,43,35,25,37,17,19,23,13,28,10,19,20,8,23,12,8,16,11,16,10,7,12,11,4,10,4,14,19,14,9,8,12,4,3,16,6,3,4,2,5,7,7,6,2,5,7,5,1,5,2,6,1,1,3,0,2,3,3,5,1,4,4,2,2,0,1,0,0,1,0,1,0,1,0
2019,47,201,61,38,36,45,35,24,20,24,34,17,25,29,17,26,15,10,11,18,28,13,16,15,18,15,13,12,18,9,10,11,8,9,6,12,5,10,12,9,7,7,3,13,7,5,7,5,7,1,1,4,3,6,3,7,3,3,6,3,7,2,16,4,0,6,1,1,0,6,1,1,1,5,1,0,3,0,0,0,2,0,1,0
2019,48,210,62,48,36,19,43,35,21,32,37,29,19,29,19,26,18,19,11,15,28,20,26,13,20,8,11,10,5,10,6,19,12,5,6,8,7,18,7,8,8,6,13,9,5,13,6,5,8,4,8,6,1,3,4,9,3,4,4,6,9,4,5,5,2,3,6,3,4,5,4,4,1,2,1,2,5,4,1,3,0,0,0,0
2019,49,223,67,50,31,37,18,36,27,28,31,27,22,20,23,20,24,7,22,8,19,14,7,10,15,12,9,13,9,11,9,11,11,16,5,8,4,9,7,9,5,6,3,8,3,12,5,2,7,7,41,3,8,3,6,4,5,5,5,1,6,0,3,2,0,5,4,3,4,2,1,3,2,0,0,1,0,0,0,0,1,1,0,0
2019,50,190,41,39,38,29,19,23,33,25,25,28,23,17,25,12,19,20,6,17,21,23,19,10,9,7,8,12,5,13,11,9,10,7,9,13,7,7,12,6,7,5,9,8,10,6,10,8,12,6,1,6,6,5,12,2,2,2,6,3,5,1,3,3,3,5,4,2,5,2,0,3,0,1,1,3,1,0,2,0,0,0,0,0
2019,51,244,69,51,25,42,32,32,22,42,28,22,18,44,18,20,23,16,10,15,11,12,13,11,6,17,9,12,12,12,10,8,19,12,10,19,4,11,15,11,2,3,4,6,5,2,8,0,7,4,5,7,1,1,7,5,1,7,7,4,4,6,1,3,3,3,1,3,2,3,2,1,1,2,0,2,3,1,1,2,3,0,0,0
2019,52,150,48,41,33,27,22,27,28,28,20,23,24,19,22,9,21,14,15,7,14,12,21,5,12,20,9,8,10,15,14,12,7,11,6,6,3,8,14,8,6,3,7,4,5,6,6,5,8,2,5,7,5,2,5,15,1,3,4,2,9,4,3,2,0,3,3,3,1,3,0,1,1,0,1,1,1,1,0,1,0,1,0,0
2020,1,144,41,36,17,19,23,15,20,18,6,14,18,12,24,22,12,10,19,9,7,12,16,8,3,11,7,12,11,6,4,3,2,7,8,4,6,7,0,6,4,2,7,2,1,6,0,3,3,4,6,5,4,4,2,8,2,0,2,2,6,0,4,3,1,5,1,1,0,5,1,2,2,2,2,0,1,0,2,0,0,1,0,0
2020,2,211,53,48,29,24,29,28,20,44,23,27,20,20,22,15,28,12,17,16,14,11,12,14,13,9,10,9,10,10,5,9,12,3,7,4,4,14,13,8,8,5,6,11,14,5,7,11,6,3,2,1,6,5,2,4,2,2,3,6,6,2,4,7,3,4,1,5,0,2,0,1,0,3,0,1,3,3,0,0,0,0,0,0
2020,3,207,58,31,27,32,35,24,22,45,33,33,27,18,60,15,24,11,10,14,19,10,19,6,13,15,7,13,13,4,13,12,6,8,12,8,5,13,8,6,3,6,8,10,2,2,6,10,4,1,5,1,6,5,5,4,14,6,2,2,6,3,4,2,2,3,4,0,1,2,5,2,2,1,3,1,0,1,1,0,0,0,1,0
2020,4,190,69,44,31,35,38,28,23,21,24,32,19,11,14,16,22,16,12,15,12,22,37,15,15,9,20,9,14,8,14,4,6,11,8,8,9,12,12,7,7,18,4,3,6,9,5,10,8,5,2,1,7,1,7,1,14,14,4,3,12,3,1,1,0,8,3,5,3,0,1,1,1,1,1,4,0,1,0,1,0,0,0,0
2020,5,210,55,34,26,42,29,23,31,27,27,18,33,16,22,23,10,12,14,14,20,10,16,18,10,10,10,11,16,10,21,11,6,10,9,5,14,18,4,4,12,6,10,12,12,12,3,9,4,6,8,2,3,5,3,2,4,6,4,4,6,2,1,3,2,6,1,3,1,10,1,1,3,0,0,0,2,1,2,0,1,1,0,0
2020,6,205,69,47,20,40,32,30,24,29,32,26,26,21,13,10,24,11,13,19,15,19,18,17,14,6,7,16,13,7,12,10,15,12,5,5,7,10,20,8,1,3,4,6,5,11,6,4,8,7,9,6,4,1,4,3,3,11,3,5,10,8,2,4,4,8,5,1,1,4,0,3,6,1,3,1,1,1,3,0,0,1,1,0
2020,7,200,68,52,51,27,31,32,32,28,39,18,19,14,16,13,12,14,11,10,17,12,19,13,23,13,18,14,13,22,11,12,13,9,12,4,4,14,7,6,11,7,8,9,3,9,7,6,9,11,1,4,7,9,7,3,4,3,4,2,2,2,3,4,0,2,3,2,4,4,2,3,2,3,0,0,5,0,0,0,4,1,1,0
2020,8,192,85,43,38,36,25,28,19,29,24,24,32,20,13,9,12,16,13,20,9,24,19,15,33,15,13,9,7,17,14,9,10,10,23,15,7,7,8,11,11,11,9,5,7,5,4,10,6,3,0,5,7,7,3,5,3,6,5,3,7,6,2,0,2,2,2,1,0,4,0,0,2,1,1,1,2,0,0,0,0,0,1,0
2020,9,196,62,35,33,29,34,43,29,33,26,28,21,18,14,20,25,20,9,18,19,19,14,16,23,12,5,9,5,12,13,9,8,6,11,9,14,10,12,10,5,11,8,10,5,7,8,8,5,3,41,4,3,5,3,1,7,4,7,1,6,2,2,4,2,0,7,5,3,4,2,2,2,0,1,0,0,2,0,1,1,0,1,0
2020,10,188,74,34,26,28,37,48,28,37,28,44,18,9,8,22,15,23,9,23,18,10,13,14,22,11,7,25,9,8,14,6,9,16,11,4,13,8,7,7,7,7,4,16,9,4,3,11,6,9,6,10,6,6,3,1,6,3,3,3,8,4,4,2,2,1,1,5,3,0,0,1,6,0,1,0,3,4,0,0,1,3,0,0
2020,11,174,65,40,28,25,20,21,29,31,26,18,33,20,21,27,14,9,7,21,14,19,20,13,19,6,6,13,12,12,9,9,9,9,10,9,7,10,7,5,20,2,7,2,9,5,6,5,2,7,8,3,4,3,4,3,1,4,1,2,3,1,5,3,4,1,1,5,2,5,1,3,1,0,0,3,1,2,1,0,0,0,0,0
2020,12,133,48,29,28,17,19,22,11,21,11,15,23,10,7,13,12,16,6,17,14,24,21,4,13,4,8,11,20,7,4,8,11,5,14,5,1,9,9,7,11,2,2,3,5,6,3,4,8,1,1,3,1,1,3,4,3,3,2,4,3,1,4,3,0,5,0,4,0,3,1,0,0,0,1,0,0,0,1,0,0,0,0,0
2020,13,86,30,26,20,7,22,19,10,12,9,10,24,7,13,13,6,16,3,3,10,20,6,4,7,4,3,3,8,13,6,3,14,4,7,1,7,4,3,1,5,6,4,1,4,2,0,2,3,4,3,4,2,0,1,7,1,0,3,3,3,1,2,1,0,0,1,14,1,4,0,1,2,0,0,1,0,1,0,1,0,2,0,0
2020,14,97,45,21,15,17,20,20,14,12,14,10,5,11,8,8,7,9,6,3,13,9,4,8,8,1,3,4,9,10,5,8,13,6,4,4,2,5,2,4,4,2,6,1,11,6,2,2,4,4,3,1,3,2,2,4,2,1,1,0,3,1,2,1,3,1,1,6,1,2,1,1,2,0,2,0,0,1,1,0,0,2,2,0
2020,15,55,24,23,15,8,17,7,9,10,4,9,11,10,5,7,7,12,6,4,3,16,5,4,2,5,4,3,7,6,7,5,7,5,4,4,4,3,3,6,7,6,8,5,2,5,1,2,1,3,1,0,0,2,2,1,2,0,1,1,3,2,0,3,0,0,1,1,0,4,0,1,1,0,0,0,1,0,0,0,0,0,0,0
2020,16,85,64,27,24,14,22,13,15,19,7,18,13,11,7,9,7,8,3,8,9,10,12,3,3,8,7,6,13,8,8,4,8,2,4,2,3,1,5,8,3,3,7,3,3,2,3,2,3,1,2,3,1,3,1,3,2,4,2,1,1,7,1,0,2,1,2,0,0,0,1,0,2,0,1,0,0,3,0,0,1,0,1,0
2020,17,98,44,26,16,10,18,20,7,12,15,14,13,12,10,6,9,20,5,7,18,9,10,12,9,2,5,3,16,9,3,4,9,5,5,6,3,6,5,3,4,1,4,2,2,3,3,5,1,5,2,3,5,1,0,1,0,0,3,1,6,0,5,2,2,3,1,1,0,2,0,0,0,1,3,0,0,4,0,1,0,1,0,0
2020,18,116,36,29,11,15,23,16,8,27,5,12,10,15,8,8,11,19,6,8,7,9,6,6,4,2,8,5,7,9,8,5,6,7,3,7,2,10,2,4,8,3,5,10,2,6,3,5,2,5,0,5,7,3,0,1,1,2,0,1,3,3,2,4,3,0,2,0,0,2,0,0,1,1,0,0,0,2,0,1,0,0,0,0
2020,19,115,49,24,25,21,10,31,19,24,12,16,22,19,8,9,7,14,11,3,8,19,6,10,3,6,9,11,6,4,7,4,9,4,4,4,8,5,4,6,5,5,7,4,2,11,10,4,7,3,1,6,3,0,3,0,2,2,3,2,7,1,4,3,1,4,2,2,1,2,2,0,1,0,0,0,0,1,2,0,0,1,0,0
2020,20,130,56,29,20,18,24,29,25,23,2,16,23,14,8,7,6,13,8,8,9,15,7,8,11,8,7,10,6,11,4,9,7,4,7,5,3,6,7,2,5,3,4,1,2,10,1,5,3,1,2,1,6,2,2,1,2,1,1,2,1,5,5,4,0,1,2,6,0,3,1,0,0,1,0,1,0,3,0,0,0,0,0,0
2020,21,110,40,21,12,10,22,19,26,26,11,17,17,13,11,6,6,17,7,5,9,12,3,11,12,4,8,16,11,12,6,6,2,8,8,3,2,5,3,5,7,2,2,7,5,4,2,3,3,1,3,5,1,3,2,3,5,0,2,1,6,2,5,2,8,5,2,2,1,1,0,0,3,0,0,0,1,1,1,2,2,0,2,0
2020,22,116,39,22,12,16,21,22,20,20,7,8,17,9,8,13,16,14,3,3,12,1,12,8,9,7,7,11,6,9,4,7,7,6,6,2,6,11,10,2,8,7,4,3,6,1,3,3,4,2,0,7,1,4,1,2,1,0,3,2,2,4,1,2,4,2,1,0,0,4,0,0,2,0,0,1,0,0,1,0,0,0,1,0
2020,23,108,46,15,11,6,23,30,25,34,15,15,17,13,16,9,15,17,4,10,6,21,11,6,8,4,8,10,15,7,6,12,6,3,5,2,5,3,3,2,5,2,6,1,3,9,1,1,0,5,0,6,5,5,4,1,0,2,8,6,6,1,0,1,3,1,1,3,5,2,1,1,1,1,0,0,0,2,1,0,3,0,1,0
2020,24,118,45,15,8,20,20,19,20,14,9,20,17,10,6,12,23,10,5,7,9,13,10,5,5,7,6,12,7,11,5,8,4,0,7,5,6,7,1,2,3,3,4,2,7,4,10,5,7,1,2,5,4,2,6,0,1,2,1,4,3,2,2,2,5,1,0,0,1,1,1,4,3,0,2,2,1,0,0,0,0,0,1,0
2020,25,111,44,33,17,13,13,19,14,19,5,15,5,12,14,4,12,11,1,6,8,16,12,3,9,4,2,9,21,9,2,5,3,2,12,1,3,7,2,5,5,3,6,1,10,5,8,1,9,1,0,7,0,2,3,1,2,6,1,1,1,1,9,3,0,1,2,0,2,1,0,0,1,0,1,0,0,4,1,0,0,0,0,0
2020,26,91,43,18,16,21,13,21,10,23,10,20,12,12,14,7,10,14,6,7,6,19,5,10,9,4,2,7,4,13,6,9,4,4,3,6,2,6,4,3,3,5,6,1,5,2,4,3,5,6,6,3,2,5,1,0,2,2,1,1,6,2,4,2,1,2,1,0,0,4,1,0,0,1,0,0,1,2,0,0,1,0,0,0
2020,27,88,45,24,22,16,22,26,12,18,13,26,7,7,9,10,18,12,7,8,7,20,16,12,8,2,5,2,7,9,4,8,5,2,2,6,3,15,1,4,5,8,3,4,8,4,1,5,4,4,3,3,2,7,6,3,4,4,2,2,2,2,1,2,1,6,0,1,0,1,0,1,0,1,1,0,0,1,0,0,0,1,0,0
2020,28,80,42,18,16,23,14,20,12,21,12,13,17,8,12,5,10,11,5,4,10,14,8,13,3,3,4,5,12,8,2,3,10,3,2,4,4,6,3,2,6,11,5,3,3,4,4,5,4,0,2,5,4,3,3,1,2,1,2,5,2,0,6,1,3,2,2,1,0,1,1,0,2,1,1,0,0,1,0,1,1,0,0,0
2020,29,60,36,23,19,14,14,21,21,24,6,19,12,20,6,3,9,19,3,5,4,18,3,5,9,6,8,5,5,8,7,7,5,4,2,4,5,4,1,4,1,6,3,5,3,3,7,0,2,2,1,1,2,1,1,1,0,0,0,1,4,6,5,2,3,1,3,0,0,1,1,2,4,1,1,0,0,1,0,0,0,0,0,0
2020,30,98,38,20,14,20,20,20,10,14,15,17,15,18,15,7,6,22,4,8,6,10,7,7,2,7,4,18,15,7,5,12,6,3,5,6,2,3,0,4,6,5,1,3,7,8,10,1,3,2,2,3,3,2,7,5,2,1,1,2,6,1,4,3,4,4,2,0,0,0,0,0,2,2,1,0,0,0,0,0,0,1,0,0
2020,31,121,38,23,15,11,21,15,12,35,11,8,19,9,15,5,16,13,10,11,10,21,19,5,9,3,9,4,6,4,6,11,2,4,10,4,4,7,2,2,3,3,4,3,5,3,5,0,3,6,1,1,4,6,2,1,2,2,3,4,6,1,3,1,6,0,3,1,0,3,3,1,1,1,1,0,0,2,0,2,0,0,0,0
2020,32,133,34,25,15,26,23,31,13,34,15,20,14,16,10,8,12,16,5,7,12,14,15,12,7,9,4,10,10,4,4,10,4,8,5,6,2,7,6,5,5,5,3,4,3,1,9,3,4,2,1,0,6,4,0,3,5,9,4,1,5,3,4,5,1,2,2,5,3,0,0,1,0,0,2,0,0,1,0,2,0,1,1,0
2020,33,110,48,33,18,13,21,19,20,21,7,23,18,17,14,17,12,10,9,5,9,11,7,10,4,5,8,10,10,7,10,9,2,4,10,5,4,2,2,3,4,4,8,3,0,2,1,6,6,5,3,4,3,2,3,0,3,2,1,6,4,1,2,3,5,1,1,2,0,1,0,2,0,0,0,0,1,4,0,0,2,0,2,0
2020,34,117,42,26,22,17,17,19,13,24,5,26,18,13,11,8,26,15,7,1,5,11,7,8,9,3,7,6,13,7,4,11,1,9,9,4,8,7,3,4,6,3,8,2,1,9,0,7,5,4,1,3,3,3,4,1,2,0,4,1,3,1,2,2,3,2,3,1,1,0,0,1,1,0,1,0,0,1,0,1,0,0,0,0
2020,35,121,74,42,15,16,19,24,8,28,9,25,14,13,16,7,20,16,9,6,10,9,9,9,10,12,9,8,7,13,5,10,10,3,5,5,4,12,3,6,2,6,4,3,12,8,3,0,6,4,1,3,5,2,8,3,1,2,3,6,7,9,7,1,4,3,2,1,0,1,0,0,3,0,1,0,1,2,0,0,0,0,0,0
2020,36,128,49,38,25,18,21,18,21,21,7,23,15,15,19,9,23,18,8,2,9,10,16,7,10,3,13,11,13,5,4,10,8,13,8,3,9,1,4,1,5,4,8,5,6,6,11,9,6,3,4,1,6,2,3,2,5,0,4,4,8,1,4,5,5,4,1,1,1,2,2,1,0,0,0,0,1,2,1,0,0,0,0,0
2020,37,107,51,36,31,13,15,30,17,22,9,11,25,10,14,8,11,12,8,5,9,17,7,9,7,1,8,9,7,7,5,14,8,7,13,3,11,6,0,5,5,0,6,3,12,8,2,7,1,3,2,1,1,1,5,3,3,0,0,2,13,1,2,2,2,2,3,2,3,1,1,0,3,1,1,0,2,0,0,1,0,2,0,0
2020,38,97,47,32,32,11,16,34,21,25,4,13,11,15,16,9,15,13,8,8,8,11,10,11,10,2,5,8,10,3,4,13,5,5,2,8,10,8,2,5,7,2,9,5,2,4,7,4,5,7,4,2,8,3,2,4,2,4,4,4,3,6,3,4,0,4,1,0,2,1,1,0,0,0,1,0,0,0,0,0,0,0,1,0
2020,39,100,48,21,16,8,14,33,18,16,11,19,17,10,19,4,18,12,12,14,9,16,14,6,14,6,2,11,18,7,5,10,4,6,10,2,10,11,4,9,2,4,8,6,4,2,7,5,2,4,2,3,2,1,4,4,7,2,3,0,5,0,5,2,2,0,2,0,1,6,1,3,0,2,2,0,2,0,1,0,0,0,0,0
2020,40,102,47,37,24,15,8,9,22,23,7,10,14,14,6,8,18,14,7,11,20,10,17,7,3,8,2,3,6,8,4,8,12,2,11,4,3,7,5,8,2,4,3,1,8,5,3,3,4,3,3,8,16,3,2,3,4,3,3,1,3,6,3,6,1,0,1,3,1,0,1,1,1,0,2,2,0,0,1,1,1,0,0,0
2020,41,122,33,26,18,18,16,26,25,27,11,21,22,20,13,10,9,19,13,10,7,9,8,9,7,2,5,7,9,9,5,5,2,6,6,2,8,10,3,2,4,5,3,7,4,2,3,15,5,14,6,5,3,1,6,3,3,3,4,4,8,0,2,1,4,2,0,0,4,4,1,1,0,0,1,1,2,0,2,1,1,0,0,0
2020,42,121,67,38,20,10,26,23,20,27,10,11,17,19,16,8,19,14,17,6,14,5,25,10,5,6,10,10,8,9,6,8,6,8,7,7,3,8,5,9,6,7,9,5,5,7,2,6,3,12,2,8,9,4,8,5,5,0,4,7,0,1,2,4,2,1,4,1,1,6,2,1,4,0,1,1,0,0,1,0,1,2,0,0
2020,43,111,46,40,27,20,19,24,20,29,9,23,18,12,11,9,15,15,6,5,6,6,13,6,11,6,7,10,8,5,7,7,6,2,13,5,5,3,1,1,4,1,4,4,9,4,11,3,5,8,4,4,6,2,3,6,10,7,0,1,4,3,2,4,5,4,0,1,0,5,0,1,0,1,3,1,1,0,0,0,2,0,0,0
2020,44,81,23,19,15,11,10,22,19,7,9,16,10,7,9,9,7,16,8,8,8,6,4,6,8,3,7,5,11,6,9,1,4,8,10,3,4,8,5,0,3,4,1,2,15,0,2,4,12,6,2,3,5,0,2,2,5,2,1,1,4,1,2,1,1,4,1,0,0,1,1,1,0,0,4,0,2,3,0,0,0,1,0,0
2020,45,0,0,0,0,0,0,0,0,0,0,0,0,0,0,0,0,0,0,0,0,0,0,0,0,0,0,0,0,0,0,0,0,0,0,0,0,0,0,0,0,0,0,0,0,0,0,0,0,0,0,0,0,0,0,0,0,0,0,0,0,0,0,0,0,0,0,0,0,0,0,0,0,0,0,0,0,0,0,0,0,0,0,0
2020,46,0,0,0,0,0,0,0,0,0,0,0,0,0,0,0,0,0,0,0,0,0,0,0,0,0,0,0,0,0,0,0,0,0,0,0,0,0,0,0,0,0,0,0,0,0,0,0,0,0,0,0,0,0,0,0,0,0,0,0,0,0,0,0,0,0,0,0,0,0,0,0,0,0,0,0,0,0,0,0,0,0,0,0
2020,47,0,0,0,0,0,0,0,0,0,0,0,0,0,0,0,0,0,0,0,0,0,0,0,0,0,0,0,0,0,0,0,0,0,0,0,0,0,0,0,0,0,0,0,0,0,0,0,0,0,0,0,0,0,0,0,0,0,0,0,0,0,0,0,0,0,0,0,0,0,0,0,0,0,0,0,0,0,0,0,0,0,0,0
2020,48,0,0,0,0,0,0,0,0,0,0,0,0,0,0,0,0,0,0,0,0,0,0,0,0,0,0,0,0,0,0,0,0,0,0,0,0,0,0,0,0,0,0,0,0,0,0,0,0,0,0,0,0,0,0,0,0,0,0,0,0,0,0,0,0,0,0,0,0,0,0,0,0,0,0,0,0,0,0,0,0,0,0,0
2020,49,0,0,0,0,0,0,0,0,0,0,0,0,0,0,0,0,0,0,0,0,0,0,0,0,0,0,0,0,0,0,0,0,0,0,0,0,0,0,0,0,0,0,0,0,0,0,0,0,0,0,0,0,0,0,0,0,0,0,0,0,0,0,0,0,0,0,0,0,0,0,0,0,0,0,0,0,0,0,0,0,0,0,0
2020,50,0,0,0,0,0,0,0,0,0,0,0,0,0,0,0,0,0,0,0,0,0,0,0,0,0,0,0,0,0,0,0,0,0,0,0,0,0,0,0,0,0,0,0,0,0,0,0,0,0,0,0,0,0,0,0,0,0,0,0,0,0,0,0,0,0,0,0,0,0,0,0,0,0,0,0,0,0,0,0,0,0,0,0
2020,51,0,0,0,0,0,0,0,0,0,0,0,0,0,0,0,0,0,0,0,0,0,0,0,0,0,0,0,0,0,0,0,0,0,0,0,0,0,0,0,0,0,0,0,0,0,0,0,0,0,0,0,0,0,0,0,0,0,0,0,0,0,0,0,0,0,0,0,0,0,0,0,0,0,0,0,0,0,0,0,0,0,0,0
2020,52,0,0,0,0,0,0,0,0,0,0,0,0,0,0,0,0,0,0,0,0,0,0,0,0,0,0,0,0,0,0,0,0,0,0,0,0,0,0,0,0,0,0,0,0,0,0,0,0,0,0,0,0,0,0,0,0,0,0,0,0,0,0,0,0,0,0,0,0,0,0,0,0,0,0,0,0,0,0,0,0,0,0,0
2020,53,0,0,0,0,0,0,0,0,0,0,0,0,0,0,0,0,0,0,0,0,0,0,0,0,0,0,0,0,0,0,0,0,0,0,0,0,0,0,0,0,0,0,0,0,0,0,0,0,0,0,0,0,0,0,0,0,0,0,0,0,0,0,0,0,0,0,0,0,0,0,0,0,0,0,0,0,0,0,0,0,0,0,0
2021,1,124,32,28,26,17,19,22,24,33,23,29,18,9,19,13,21,14,8,10,17,10,6,11,16,8,6,8,9,5,5,7,0,6,2,2,5,10,6,6,5,5,9,4,8,7,7,8,9,6,6,5,2,2,4,8,9,4,6,3,4,1,1,1,5,1,1,3,3,2,1,0,0,1,1,0,1,1,0,0,0,0,1,0
2021,2,114,40,20,18,17,13,20,39,19,16,26,16,7,17,18,25,18,14,8,13,15,9,5,9,9,6,11,8,14,5,5,8,4,5,6,10,9,7,4,1,1,6,5,13,3,10,20,7,7,13,3,7,5,3,2,2,5,2,2,1,1,3,1,5,2,1,2,1,2,3,0,1,1,0,1,1,1,1,0,2,0,2,0
2021,3,98,51,26,25,19,24,23,17,30,23,26,20,11,16,5,34,19,9,6,8,7,12,13,19,9,3,7,7,4,3,11,6,5,5,5,4,10,4,5,2,5,2,2,12,3,5,2,4,5,4,5,6,7,7,1,4,4,1,1,5,0,3,2,3,2,2,2,0,3,1,1,0,3,3,0,2,4,2,2,0,2,0,0
2021,4,114,35,36,19,30,18,21,25,31,9,20,21,7,13,6,17,22,11,10,13,4,17,9,8,8,3,3,10,8,6,12,7,6,3,1,8,5,6,7,2,4,2,5,5,3,8,3,7,6,0,3,3,0,2,9,5,3,0,8,3,1,1,5,2,0,5,0,2,2,3,4,0,1,0,2,3,2,1,0,0,0,10,0
2021,5,119,41,29,20,23,25,24,18,25,15,18,13,14,13,16,23,21,12,12,22,8,8,3,13,7,2,6,7,10,13,13,5,10,9,4,5,8,4,4,8,4,4,2,4,12,5,1,4,3,3,2,2,6,5,4,6,4,3,4,5,2,2,1,1,0,1,4,1,1,2,1,0,0,3,1,0,2,1,1,0,0,0,0
2021,6,130,37,26,27,9,22,24,21,23,7,15,19,13,10,26,27,19,14,11,22,7,20,13,10,8,4,10,25,6,6,13,8,5,6,12,10,9,3,5,2,11,7,5,6,6,10,5,9,3,5,6,6,3,5,3,3,2,2,2,11,6,1,2,3,1,0,0,1,0,0,3,0,1,1,0,2,0,0,0,0,1,0,0
2021,7,123,53,46,25,33,23,24,24,27,14,17,16,13,10,9,50,26,9,9,20,14,11,18,8,12,9,8,6,11,10,6,5,9,7,17,10,9,6,6,8,4,6,8,6,3,1,3,3,10,2,3,6,1,3,5,1,1,2,0,6,6,1,2,0,0,5,0,3,1,2,2,0,3,1,0,0,1,0,0,0,0,0,0
2021,8,133,48,31,27,23,34,22,24,34,16,15,24,16,17,14,23,25,13,20,14,13,7,9,18,5,4,12,7,9,11,12,6,8,2,5,8,12,10,5,11,4,1,13,6,3,6,3,4,6,3,3,2,9,1,2,5,1,0,1,4,0,1,2,1,4,1,0,2,2,2,0,0,0,0,1,1,3,1,3,5,0,1,0
2021,9,152,36,27,30,15,28,30,32,30,12,17,14,10,15,17,16,17,18,5,10,13,8,13,25,11,11,9,8,20,10,13,7,6,5,9,17,13,13,7,14,3,4,8,6,8,8,9,3,5,1,10,4,2,2,5,5,6,8,3,10,2,2,3,3,1,2,0,1,0,1,1,1,2,0,1,5,0,2,0,1,0,1,0
2021,10,124,49,42,19,22,29,22,20,33,13,13,11,19,15,17,12,20,12,14,4,12,9,5,23,8,12,14,7,11,9,7,6,4,7,7,11,11,4,4,6,8,6,7,8,4,10,4,5,8,4,3,7,3,3,2,4,4,2,6,5,7,4,2,2,3,0,0,2,2,0,1,0,1,0,1,2,1,0,1,0,0,0,0
2021,11,136,52,39,36,19,31,26,33,34,14,21,15,12,18,11,13,6,8,13,10,12,5,9,16,7,9,4,13,9,8,4,10,7,8,7,5,1,3,3,7,8,7,9,5,3,6,4,3,10,3,1,0,1,4,5,4,0,4,2,4,1,6,2,2,1,1,2,8,2,1,2,1,2,0,0,0,1,0,0,2,2,0,0
2021,12,166,52,27,23,14,23,31,34,20,22,15,17,12,13,22,12,11,14,8,15,16,6,6,12,15,13,13,10,9,5,7,9,5,3,5,7,6,6,3,3,9,5,1,8,5,7,5,6,5,5,3,8,3,4,2,6,2,1,1,9,1,4,4,2,2,0,0,1,0,1,0,0,0,4,1,0,1,0,0,2,0,0,0
2021,13,119,44,15,9,22,20,16,37,30,10,26,17,18,18,17,20,15,13,16,7,4,11,7,8,13,6,13,7,3,9,11,4,10,8,5,6,5,6,5,6,6,2,2,1,5,5,4,3,5,3,2,2,4,2,8,2,3,2,6,6,1,4,1,0,2,0,3,0,2,0,3,1,4,2,0,0,1,0,1,0,1,2,0
2021,14,151,40,20,21,22,24,33,31,31,17,13,30,7,18,4,26,15,8,12,8,11,11,9,8,11,7,3,8,8,9,14,11,7,5,4,3,8,5,4,3,6,2,7,2,4,4,6,3,1,3,8,12,0,3,3,7,1,1,2,2,5,1,1,3,1,4,0,1,1,4,3,1,1,0,0,2,1,0,0,0,2,1,0
2021,15,137,48,19,23,18,21,25,32,23,12,16,16,14,12,23,8,10,15,11,11,7,9,2,6,6,12,9,10,8,3,10,8,3,9,3,5,9,2,2,0,3,3,6,4,4,2,4,5,2,5,3,2,1,0,2,4,1,5,5,7,9,2,3,3,1,1,3,2,2,0,3,0,1,0,1,2,0,0,2,0,0,0,0
2021,16,144,56,38,25,29,15,15,20,22,13,24,22,23,18,8,8,14,14,19,8,12,15,10,9,4,5,11,11,10,10,6,7,7,2,8,5,14,5,3,1,2,4,5,3,4,4,2,5,5,0,2,3,2,1,7,5,3,0,5,5,2,1,6,2,2,1,2,5,5,2,1,2,0,0,0,2,0,1,1,0,0,0,0
2021,17,132,40,22,24,37,17,22,18,35,5,19,18,14,16,18,14,31,21,17,9,18,9,14,7,10,7,7,6,12,5,11,7,8,5,4,10,13,4,5,9,2,1,5,4,1,5,4,7,7,2,2,5,12,8,4,3,4,4,3,5,3,4,5,5,3,0,0,2,0,0,4,0,0,1,0,1,0,0,1,1,0,0,0
2021,18,118,38,15,17,19,12,20,17,12,9,18,11,9,12,10,15,19,13,12,8,8,9,8,9,6,10,6,18,8,2,5,2,2,8,9,13,11,2,3,0,4,6,2,10,5,3,3,4,4,5,4,4,1,2,2,4,1,2,4,3,3,2,3,2,0,3,2,2,4,1,2,2,0,0,0,2,0,1,1,1,1,0,0
2021,19,156,26,22,32,27,21,14,18,29,9,14,11,15,10,15,11,27,7,17,11,10,0,8,15,8,5,9,15,11,6,10,5,7,5,6,8,7,5,4,3,3,4,2,6,4,2,1,6,8,2,9,6,2,2,3,5,4,4,4,8,4,1,0,3,2,2,2,2,3,1,1,2,0,1,0,1,1,0,0,0,1,0,0
2021,20,148,37,25,15,26,20,16,16,29,8,10,11,14,11,21,23,8,9,16,13,19,7,8,8,4,3,10,22,5,8,7,6,6,6,4,5,15,5,3,10,0,0,6,2,3,9,7,2,6,2,3,1,4,4,8,4,4,4,2,5,0,4,5,0,3,2,0,1,1,0,2,0,0,0,0,1,1,1,0,0,0,0,0
2021,21,107,38,33,26,23,10,23,16,14,16,16,13,16,17,18,13,8,12,4,12,11,13,6,8,7,6,13,16,7,13,5,5,3,2,3,11,7,7,4,4,11,6,1,2,4,4,7,10,5,1,7,4,5,5,8,7,7,1,2,2,2,3,4,4,3,2,1,1,4,2,1,0,1,0,1,1,4,1,0,2,0,1,0
2021,22,111,40,19,26,24,32,20,26,23,11,10,18,18,14,6,23,16,18,10,13,11,12,6,16,8,4,15,18,9,21,8,6,12,7,7,4,4,9,4,3,6,6,3,5,4,5,0,4,6,1,5,2,5,2,4,5,2,2,0,5,2,1,1,8,0,3,2,0,0,1,1,0,0,3,1,0,0,0,0,1,0,1,0
2021,23,123,34,35,27,22,20,16,20,25,8,17,19,12,16,16,13,15,20,11,5,11,5,9,8,11,11,9,10,7,7,8,4,11,8,12,4,9,3,4,9,11,6,1,8,3,4,3,5,4,2,2,5,2,5,5,4,4,6,1,3,2,3,3,7,0,3,1,0,0,2,1,1,0,0,0,0,1,0,0,0,0,0,0
2021,24,129,42,31,18,24,25,24,18,24,15,16,11,14,16,16,23,11,12,9,7,17,9,6,14,17,12,6,13,5,9,9,5,3,5,9,5,10,4,6,6,11,8,5,8,3,1,5,9,6,4,1,3,2,6,3,2,7,2,5,7,1,2,6,0,1,2,6,0,5,1,0,1,1,2,0,0,1,0,0,1,0,1,0
2021,25,155,36,32,27,25,16,20,22,25,11,17,23,9,10,14,11,13,16,12,2,12,12,9,8,10,10,12,18,14,7,13,3,5,6,10,8,7,6,4,9,6,6,7,6,11,2,1,1,5,1,3,5,6,4,1,5,7,1,2,2,5,4,5,1,1,2,2,3,1,2,1,1,1,3,0,3,0,1,2,2,0,0,0
2021,26,106,46,18,34,14,23,35,32,29,9,18,21,25,13,20,25,9,6,8,9,16,6,15,9,5,7,7,26,9,9,10,8,9,6,8,2,1,10,1,6,11,9,3,5,5,5,7,6,3,2,3,5,3,1,5,0,2,1,2,5,6,2,9,0,2,0,1,3,1,0,4,2,0,3,2,1,2,2,1,0,2,0,0
2021,27,118,42,25,16,19,27,17,19,31,15,13,27,20,17,20,21,18,9,13,6,14,8,10,14,8,6,12,19,13,9,14,10,11,4,0,8,8,5,8,10,1,8,4,5,3,4,7,4,2,3,5,3,4,3,0,3,2,6,4,5,0,3,0,2,3,4,3,1,2,0,2,2,0,1,0,2,0,0,1,0,2,2,0
2021,28,132,42,22,27,29,19,16,33,31,8,26,13,15,10,14,13,15,8,12,10,13,5,15,9,10,2,5,10,10,4,10,4,10,4,3,8,12,6,7,6,6,5,4,5,12,9,1,5,5,3,4,2,5,2,5,1,4,5,2,6,0,3,2,2,2,2,3,1,0,0,1,0,1,4,0,2,2,0,2,0,0,3,0
2021,29,151,48,14,28,36,22,19,24,16,15,25,16,27,12,7,11,15,18,16,12,11,4,9,13,1,8,11,14,6,9,11,9,10,3,3,3,14,3,4,3,6,3,8,0,8,4,5,6,4,3,3,4,6,5,0,4,5,1,6,3,5,7,4,6,2,2,0,0,2,1,0,1,2,0,1,4,1,0,4,0,2,5,0
2021,30,140,41,30,23,37,29,17,33,22,8,23,24,13,14,16,14,17,9,9,7,15,7,12,20,9,5,5,13,9,11,5,5,13,3,2,5,6,1,8,6,5,8,1,5,7,4,7,5,4,0,3,2,2,1,6,1,7,5,3,4,2,4,4,1,0,2,1,0,1,4,1,1,1,3,1,2,2,2,0,3,0,3,0
2021,31,140,47,21,20,31,21,17,21,9,11,24,13,13,11,14,6,3,16,6,4,11,9,8,8,8,12,10,15,10,3,6,7,8,7,3,8,10,7,2,6,8,2,8,0,8,3,6,6,8,1,7,3,2,6,0,4,3,4,3,7,8,1,6,2,2,1,0,1,1,0,0,0,0,2,3,2,0,0,1,1,0,1,0
2021,32,136,42,23,29,20,30,34,32,21,13,27,17,15,13,12,13,12,15,8,12,19,12,10,8,6,8,6,14,14,11,6,8,6,5,7,10,8,4,10,4,4,5,4,2,8,4,4,3,8,1,5,4,5,1,3,3,1,3,2,2,7,7,10,6,3,3,3,1,1,0,2,0,0,1,0,2,0,0,1,0,1,2,0
2021,33,131,37,29,19,22,15,14,27,44,18,21,17,12,17,13,27,14,8,11,13,7,10,14,7,9,5,11,8,14,8,11,3,5,5,3,5,10,5,9,5,4,2,3,3,7,1,5,2,7,2,4,2,8,5,3,5,4,0,7,7,2,3,1,5,0,3,4,2,0,1,0,0,0,1,0,0,2,0,0,2,1,2,0
2021,34,164,55,38,28,33,17,19,29,23,14,31,8,7,11,14,16,8,9,8,18,12,9,14,17,8,9,5,11,11,10,11,6,10,12,6,6,11,5,5,5,8,5,3,10,3,7,2,6,6,1,3,3,1,2,2,3,0,1,5,5,2,6,3,4,1,1,4,3,0,1,0,1,0,0,0,0,0,1,1,2,1,2,0
2021,35,165,55,33,24,25,26,17,26,22,16,20,18,20,14,5,24,13,9,19,3,7,5,16,12,10,5,8,5,12,11,11,4,6,15,4,4,11,3,7,5,3,2,3,0,2,6,3,5,7,4,6,2,2,3,0,2,3,0,2,6,3,2,3,1,1,3,0,4,1,1,2,0,0,1,0,2,2,0,1,0,0,0,0
2021,36,154,43,19,31,29,26,22,24,26,11,18,7,17,23,6,21,22,8,9,5,18,6,2,13,8,9,8,11,14,16,5,7,2,7,7,8,5,1,9,5,7,3,7,2,8,11,6,3,8,1,6,4,3,1,0,4,1,5,3,4,5,3,3,1,1,1,1,1,0,0,3,0,3,0,1,1,0,1,1,2,0,1,0
2021,37,149,41,25,26,22,20,21,28,26,10,22,19,9,16,9,18,14,8,6,7,10,2,9,9,9,5,12,9,12,4,17,8,9,6,0,4,6,3,7,2,5,12,2,2,6,5,8,11,6,1,4,5,2,2,4,4,3,2,11,7,9,3,6,8,4,1,1,2,2,0,1,2,2,5,1,1,4,1,0,0,0,2,0
2021,38,132,42,20,29,11,18,23,27,19,6,20,11,15,22,18,12,11,7,10,8,13,5,8,15,13,4,9,12,21,8,9,13,10,3,6,6,12,6,5,4,2,2,0,8,6,3,7,3,10,0,4,4,2,3,3,2,1,4,7,7,4,4,1,3,3,3,1,1,5,0,0,2,4,0,1,1,4,0,1,0,1,1,0
2021,39,133,38,27,27,20,16,24,26,31,13,29,22,16,16,5,26,11,12,9,16,10,6,9,13,20,4,5,12,6,9,9,8,9,2,3,9,8,4,8,7,7,1,5,4,7,2,0,3,7,1,4,5,5,4,5,5,4,3,8,9,3,3,4,4,3,1,2,1,2,2,1,3,1,1,3,2,0,1,1,1,0,0,0
2021,40,127,40,26,41,22,19,21,28,27,11,25,25,18,25,13,40,7,12,7,9,5,11,4,11,12,7,10,14,9,9,8,6,3,4,8,5,12,4,5,7,6,3,3,3,12,8,4,4,5,4,2,4,6,2,1,4,2,3,3,9,4,4,1,1,2,1,0,2,0,1,2,0,0,1,1,0,0,0,0,2,0,0,0
2021,41,143,55,39,24,15,20,24,34,30,16,19,25,15,14,18,27,25,10,7,10,10,7,7,6,9,4,6,12,12,9,18,6,6,3,6,5,14,3,10,2,8,4,3,8,6,3,3,7,6,1,4,1,0,4,2,3,5,1,0,9,4,3,3,2,3,2,3,2,1,3,1,2,0,2,1,1,0,1,0,1,1,3,0
2021,42,132,45,34,28,23,21,22,25,37,14,16,11,24,15,7,20,21,10,11,14,10,6,15,9,14,10,19,9,8,14,10,5,10,3,8,6,7,3,7,1,3,4,4,4,12,10,8,5,8,2,6,4,4,5,2,5,2,2,2,9,1,1,4,6,2,1,3,5,1,2,2,0,3,2,0,1,2,0,0,1,0,0,0
2021,43,140,59,37,25,19,15,25,15,13,13,11,30,27,19,14,26,16,9,13,20,8,2,3,9,13,10,9,13,13,10,11,3,6,6,4,9,16,3,4,5,7,2,2,4,3,9,7,4,7,3,8,4,1,5,5,3,3,1,2,6,4,3,5,7,3,1,4,2,0,2,2,0,1,0,2,2,2,0,0,2,0,1,0
2021,44,136,57,33,28,30,24,33,32,23,11,20,16,18,17,17,14,9,21,14,7,11,10,2,15,15,8,15,9,12,7,6,5,12,5,6,3,10,4,6,4,5,1,3,9,10,6,6,2,3,3,4,2,4,6,2,4,5,2,4,11,5,3,5,2,1,2,4,2,0,2,1,0,0,0,1,0,0,0,1,1,2,1,0
2021,45,168,41,30,22,33,36,19,17,12,14,23,9,18,24,10,19,8,14,17,6,21,2,19,22,10,6,10,7,8,5,15,5,5,4,6,8,10,2,4,2,9,6,5,2,11,6,10,4,3,2,0,8,7,2,5,2,5,4,3,10,4,2,8,2,1,1,3,2,3,1,2,0,1,1,0,1,0,0,0,1,0,2,0
2021,46,107,49,34,33,20,17,14,21,25,24,17,21,13,20,6,30,18,18,10,11,13,5,7,10,10,7,10,16,6,9,14,9,5,3,4,6,2,3,3,2,13,2,8,6,10,7,3,3,6,0,4,2,4,5,5,7,7,1,5,9,1,4,7,1,2,0,2,0,1,4,1,2,1,0,1,1,1,0,0,1,0,0,0
2021,47,140,37,37,23,19,25,26,22,14,6,16,13,15,13,20,16,25,12,8,8,11,2,3,13,14,7,3,7,9,6,17,6,9,4,7,3,5,4,6,6,7,5,8,5,10,4,9,3,2,2,7,10,2,6,3,3,10,1,6,5,1,3,1,1,3,1,2,1,0,0,3,2,0,2,0,3,1,1,2,1,0,1,0
2021,48,35,11,12,4,5,5,4,6,3,4,4,1,4,3,6,15,9,5,0,8,0,3,3,5,1,2,1,5,2,3,4,0,3,0,1,1,2,1,0,2,2,0,1,1,1,0,3,2,1,4,1,1,0,0,1,0,0,1,0,1,1,2,4,1,1,0,0,0,0,2,0,0,0,1,0,1,1,0,1,0,0,0,0
2021,49,0,0,0,0,0,0,0,0,0,0,0,0,0,0,0,0,0,0,0,0,0,0,0,0,0,0,0,0,0,0,0,0,0,0,0,0,0,0,0,0,0,0,0,0,0,0,0,0,0,0,0,0,0,0,0,0,0,0,0,0,0,0,0,0,0,0,0,0,0,0,0,0,0,0,0,0,0,0,0,0,0,0,0
2021,50,0,0,0,0,0,0,0,0,0,0,0,0,0,0,0,0,0,0,0,0,0,0,0,0,0,0,0,0,0,0,0,0,0,0,0,0,0,0,0,0,0,0,0,0,0,0,0,0,0,0,0,0,0,0,0,0,0,0,0,0,0,0,0,0,0,0,0,0,0,0,0,0,0,0,0,0,0,0,0,0,0,0,0
2021,51,0,0,0,0,0,0,0,0,0,0,0,0,0,0,0,0,0,0,0,0,0,0,0,0,0,0,0,0,0,0,0,0,0,0,0,0,0,0,0,0,0,0,0,0,0,0,0,0,0,0,0,0,0,0,0,0,0,0,0,0,0,0,0,0,0,0,0,0,0,0,0,0,0,0,0,0,0,0,0,0,0,0,0
2021,52,0,0,0,0,0,0,0,0,0,0,0,0,0,0,0,0,0,0,0,0,0,0,0,0,0,0,0,0,0,0,0,0,0,0,0,0,0,0,0,0,0,0,0,0,0,0,0,0,0,0,0,0,0,0,0,0,0,0,0,0,0,0,0,0,0,0,0,0,0,0,0,0,0,0,0,0,0,0,0,0,0,0,0
2021,53,35,13,7,16,6,5,15,10,10,2,6,11,10,11,5,7,4,6,3,4,7,3,0,6,0,1,6,8,0,1,2,1,6,7,0,0,2,4,3,0,2,1,1,1,4,2,0,0,2,0,1,3,2,1,0,2,1,0,1,1,2,3,1,1,0,1,1,0,1,0,2,1,0,0,0,0,1,1,0,0,0,2,0
2022,1,126,38,33,25,24,24,23,18,19,7,19,22,11,27,16,15,18,14,17,11,12,7,10,8,26,12,17,14,15,15,15,8,10,10,9,6,8,7,9,5,5,6,7,3,6,4,10,8,4,5,9,6,6,3,3,0,4,2,5,8,3,5,1,2,3,3,4,3,2,3,1,0,0,1,2,1,1,1,2,0,0,6,0
2022,2,128,47,29,31,33,20,15,20,24,19,23,15,19,24,22,17,19,15,13,14,16,17,10,13,12,7,12,6,19,17,8,11,12,8,10,7,6,8,9,7,6,9,6,6,9,6,6,4,5,4,4,0,2,4,1,9,3,2,6,5,1,4,5,4,0,3,1,3,0,1,5,1,0,0,0,1,2,0,0,0,1,0,0
2022,3,108,39,25,24,20,23,12,21,22,17,29,14,11,24,22,12,17,14,16,10,8,7,10,22,22,12,13,4,17,4,8,5,12,8,2,11,11,3,11,7,6,5,7,3,7,1,6,5,3,3,4,3,5,4,5,2,4,2,5,14,2,4,5,2,3,1,3,4,3,1,1,0,0,1,1,1,1,2,1,0,0,0,0
2022,4,125,57,33,27,36,26,29,17,25,22,16,13,16,23,12,12,18,16,15,15,10,10,6,11,16,10,9,4,13,13,11,11,14,8,7,8,9,8,6,8,7,2,5,3,7,7,4,6,1,3,5,2,5,3,4,6,2,5,4,7,1,4,1,3,4,3,2,3,0,1,4,1,3,0,2,2,2,1,3,0,0,1,0
2022,5,139,43,39,33,28,15,24,34,27,39,23,26,14,18,27,18,20,9,11,9,14,7,8,11,9,8,13,12,16,7,10,4,10,9,3,10,8,6,8,5,4,6,8,8,4,3,7,7,4,0,5,3,1,2,5,4,1,2,4,5,0,2,5,4,4,5,1,3,4,1,1,0,3,1,0,3,2,0,2,1,0,1,0
2022,6,119,56,38,27,34,33,17,23,22,17,19,16,20,19,22,15,10,13,16,12,15,10,12,9,10,7,9,14,12,9,12,10,8,8,14,12,6,5,11,10,5,3,10,6,11,7,6,6,10,2,3,7,8,8,3,3,2,2,2,6,4,1,0,0,1,4,3,0,1,4,1,1,0,1,0,4,1,1,1,1,3,0,0
2022,7,145,49,34,32,27,23,18,18,30,10,25,20,15,19,15,20,19,10,17,15,14,8,8,22,9,10,13,15,15,11,18,5,8,9,8,8,9,4,9,3,1,10,4,9,6,6,7,5,3,5,2,4,10,2,1,3,5,1,4,5,1,5,6,7,3,6,2,1,0,1,1,4,1,0,0,3,2,0,0,0,0,1,0
2022,8,148,52,40,28,24,34,16,26,13,21,24,23,17,23,24,12,20,14,24,9,11,6,11,14,19,13,11,8,8,8,13,9,7,13,7,7,11,2,3,7,7,12,3,4,7,6,2,5,5,3,8,3,3,6,3,1,4,3,2,9,5,2,3,3,3,10,1,3,2,3,1,1,0,0,0,3,2,1,2,5,0,1,0
2022,9,128,55,34,31,25,34,27,29,21,19,52,24,31,22,29,15,25,19,18,17,20,7,10,13,8,5,8,11,5,14,16,14,9,6,8,6,10,5,13,8,9,6,6,8,15,3,3,6,8,5,3,7,3,3,1,5,6,5,4,9,6,4,6,4,2,4,1,4,2,2,0,3,2,1,0,3,1,0,1,0,1,0,0
2022,10,153,61,35,37,26,24,24,30,23,18,19,20,21,20,23,13,14,11,14,9,18,8,7,22,15,9,10,12,12,8,12,10,5,6,10,6,8,5,13,7,4,7,6,0,9,3,5,7,6,2,6,2,4,2,3,1,2,1,5,7,4,7,4,1,2,4,3,5,7,1,1,0,2,3,2,1,2,2,1,2,1,1,0
2022,11,143,55,40,32,31,21,28,22,24,23,28,20,18,22,13,13,15,18,21,11,18,10,10,14,10,10,14,9,15,12,15,10,11,10,8,8,3,5,5,7,5,7,3,8,9,4,4,8,9,10,7,3,5,5,5,4,2,1,1,11,4,2,4,5,6,5,2,6,1,1,2,2,1,0,0,2,0,1,0,2,1,0,0
2022,12,135,53,39,28,39,19,34,34,32,24,32,28,10,22,16,25,14,13,22,12,16,17,16,14,10,10,7,13,13,9,13,7,10,13,10,4,4,7,7,8,9,5,5,6,11,2,9,2,6,2,5,3,6,5,1,3,3,2,3,7,2,4,7,2,2,3,3,3,2,0,0,0,3,0,0,0,0,1,0,0,2,1,0
2022,13,177,48,30,26,40,21,34,24,28,16,26,27,20,28,23,22,18,18,12,10,12,12,14,13,7,15,15,12,13,8,3,11,14,7,14,5,10,2,11,6,4,7,3,6,11,0,7,7,6,6,10,5,8,3,3,4,7,4,7,8,2,5,6,6,2,4,2,4,2,1,3,2,3,2,1,1,0,0,1,3,0,1,0
2022,14,149,39,47,32,29,27,26,22,31,14,24,19,16,12,28,15,16,13,12,16,11,10,10,14,9,9,13,18,10,10,11,8,7,6,13,6,12,2,7,14,8,9,4,6,8,7,3,8,5,2,6,1,4,2,4,3,2,2,2,9,4,1,6,3,3,3,1,2,3,3,1,0,1,0,0,1,4,1,1,0,1,0,0
2022,15,116,41,30,22,36,21,22,22,13,12,26,17,21,39,27,15,19,17,19,13,12,8,10,14,14,7,7,8,13,12,13,6,9,5,11,6,9,8,12,6,10,11,4,8,9,4,4,4,3,6,7,2,6,3,2,3,1,2,4,6,1,3,1,1,3,4,1,2,4,1,0,0,0,2,0,0,1,0,1,2,2,0,0
2022,16,145,63,31,27,32,31,32,34,27,20,34,21,20,7,14,18,19,11,11,9,14,12,12,13,14,14,11,11,13,10,20,9,12,13,11,5,9,4,10,8,6,10,5,7,6,2,6,11,6,53,8,8,6,6,6,5,2,2,0,13,0,3,2,2,5,5,2,0,1,4,2,2,3,0,1,1,1,0,1,1,1,0,0
2022,17,165,50,32,27,32,32,36,18,28,29,30,26,16,16,16,12,19,17,16,11,18,6,8,8,11,15,18,9,19,16,22,5,9,13,9,4,8,2,9,2,6,9,6,4,5,4,7,7,13,11,8,10,7,2,9,2,0,3,3,9,5,2,5,2,4,1,2,3,1,5,1,0,1,1,2,0,1,0,1,2,2,1,0
2022,18,172,49,37,33,25,26,31,28,36,17,22,20,28,21,14,19,10,9,15,14,16,9,12,18,16,8,5,12,19,14,10,5,5,14,11,7,11,6,6,4,9,8,3,2,14,0,6,10,13,1,1,6,8,7,9,11,7,4,3,8,4,1,7,4,3,3,3,2,5,4,2,2,0,3,0,1,0,0,2,1,2,2,0
2022,19,150,64,24,23,34,24,35,24,21,21,24,16,14,17,15,14,18,17,19,7,22,11,9,11,12,7,12,9,19,13,11,9,12,9,7,9,1,7,8,6,5,7,3,3,15,8,6,3,10,5,6,4,8,5,3,1,3,2,5,10,4,6,7,2,0,3,4,2,1,3,2,0,0,2,1,2,4,1,0,0,1,2,0
2022,20,161,51,40,28,26,26,36,22,23,24,34,14,25,17,12,9,22,15,5,10,14,14,13,16,16,9,16,14,12,5,11,10,12,9,4,8,6,6,6,7,11,4,2,7,8,6,8,2,5,2,8,3,1,5,3,2,2,3,3,8,2,6,3,4,0,7,4,1,5,3,2,0,0,3,0,0,0,3,0,2,0,0,0
2022,21,154,45,20,23,24,20,19,31,25,26,23,21,23,16,20,10,18,11,12,11,15,12,7,17,18,5,15,12,16,13,14,7,7,13,13,5,8,6,4,3,10,3,5,3,14,6,5,5,14,0,4,6,4,3,3,4,6,5,1,12,3,4,4,4,0,2,5,4,0,1,2,3,0,3,0,0,1,0,0,3,1,0,0
2022,22,163,63,38,37,43,25,27,31,25,21,30,13,17,28,23,8,20,13,12,15,21,13,8,15,13,5,12,13,20,14,6,9,17,8,8,8,5,3,14,7,10,3,8,7,9,9,11,2,6,7,6,6,1,2,2,3,4,1,5,6,0,7,6,3,7,3,2,5,3,3,1,1,1,2,1,0,2,0,0,1,0,0,0
2022,23,155,50,32,23,35,23,21,35,15,19,22,12,23,26,19,9,21,13,7,10,22,8,10,14,8,12,9,7,13,11,6,11,7,7,9,10,5,7,5,5,11,5,4,8,3,10,5,7,3,7,3,8,3,6,8,4,3,6,3,6,8,3,5,7,1,3,1,5,3,0,0,2,0,1,1,2,2,0,2,2,1,0,0
2022,24,173,75,34,17,29,20,29,26,24,48,28,26,24,14,17,19,16,11,16,7,12,11,8,18,15,9,7,10,7,9,14,7,4,13,5,6,5,12,8,2,10,8,4,8,6,7,3,3,6,2,5,6,2,5,4,1,6,1,5,5,1,2,4,4,0,0,1,3,2,1,0,4,0,2,1,1,4,0,2,1,0,0,0
2022,25,189,99,27,21,30,27,30,28,21,19,20,18,18,23,19,17,15,8,11,22,12,12,6,15,10,11,5,13,11,8,10,5,8,8,7,5,6,4,5,7,15,4,4,6,12,4,4,5,2,10,4,3,8,6,3,2,5,1,1,4,5,2,7,2,2,3,0,3,1,3,0,3,0,1,1,4,2,1,2,1,2,0,0
2022,26,177,89,44,36,42,26,53,31,20,12,24,20,16,19,18,18,13,14,16,17,22,13,8,14,9,12,5,6,7,15,14,7,13,8,9,5,4,7,12,2,4,5,5,6,13,5,1,5,4,5,7,7,3,7,3,4,2,3,6,3,5,4,6,7,5,1,3,1,2,1,1,2,1,4,0,1,1,1,3,1,1,0,0
2022,27,149,83,31,24,27,27,60,33,24,24,28,28,15,15,19,13,15,13,16,17,21,10,14,17,11,7,10,17,12,7,9,5,7,8,7,4,6,9,9,2,8,5,9,3,7,8,3,2,9,6,5,6,3,4,4,1,6,3,7,7,4,5,7,4,4,5,5,0,1,1,1,0,3,0,0,1,1,0,1,1,0,1,0
2022,28,140,52,33,28,34,28,23,36,27,11,42,26,21,26,19,15,22,20,14,12,24,12,8,13,21,9,9,8,8,8,13,5,13,3,24,7,5,7,9,9,5,2,8,6,5,5,5,8,10,4,3,2,4,5,4,3,2,2,3,6,3,4,7,0,7,7,0,4,0,1,1,1,1,2,1,2,1,0,0,1,0,0,0
2022,29,148,75,34,24,38,27,29,26,28,20,70,23,22,25,22,11,17,16,13,9,17,12,10,20,9,14,16,14,12,15,16,7,12,6,12,11,3,6,6,5,12,7,8,5,6,4,3,5,4,1,7,8,4,6,4,4,5,4,3,8,1,5,1,4,3,2,3,1,5,0,4,0,3,1,0,1,3,1,1,3,0,1,0
2022,30,165,53,36,46,23,24,34,25,21,12,33,21,18,19,18,8,23,24,13,16,18,12,8,13,12,9,11,20,17,11,15,5,16,3,16,3,11,6,8,6,6,6,5,5,3,5,3,5,9,5,3,5,3,2,2,8,5,1,5,9,6,5,7,1,1,5,2,2,0,3,2,6,0,1,0,0,2,1,3,0,2,3,0
2022,31,187,50,39,31,36,33,28,38,25,15,31,27,20,16,7,18,22,10,12,8,12,19,7,17,18,10,11,12,12,10,15,3,8,5,9,7,7,10,9,7,8,7,5,7,6,2,7,6,10,5,11,2,3,7,4,2,5,1,1,6,3,8,2,3,3,4,1,2,1,3,2,2,0,1,0,4,2,2,3,1,1,0,0
2022,32,180,63,37,35,23,34,28,28,21,5,36,20,26,22,17,13,27,15,8,10,10,12,8,12,12,7,14,9,13,12,5,6,10,10,13,4,6,10,5,4,8,6,9,9,4,4,4,3,7,6,8,2,3,4,2,4,3,3,3,4,2,6,7,2,3,3,5,5,3,2,2,1,1,1,1,0,0,3,1,2,0,0,0
2022,33,175,56,29,33,28,27,20,27,17,17,24,27,13,13,18,19,14,16,9,9,20,14,17,11,15,8,9,20,14,10,6,12,16,11,7,5,2,13,10,8,5,5,6,12,5,7,14,6,5,5,9,6,9,5,1,6,5,2,4,11,3,1,7,7,3,2,1,3,0,4,2,2,1,1,1,0,2,0,0,2,0,1,0
2022,34,176,38,32,36,35,28,30,26,19,20,32,20,19,22,12,14,21,17,9,9,18,10,8,9,22,9,13,12,12,7,9,10,16,8,7,2,3,4,11,1,10,4,12,8,3,6,6,2,5,5,5,7,8,4,6,3,1,2,4,5,4,3,4,3,1,4,2,3,2,0,1,3,2,0,4,0,0,1,0,2,4,0,0
2022,35,189,57,32,30,24,21,21,27,18,23,31,20,35,30,7,19,27,18,10,14,17,12,8,15,21,17,8,21,17,9,8,13,10,5,9,3,8,7,7,3,7,4,7,12,5,3,2,5,6,6,5,7,8,6,2,2,2,2,4,8,1,3,4,4,0,5,5,4,3,1,0,0,0,1,0,0,2,1,0,2,2,0,0
2022,36,181,52,27,31,19,29,32,32,55,19,18,29,14,16,13,10,15,19,11,16,16,7,8,13,13,2,13,8,16,20,10,6,18,10,5,8,10,10,10,6,5,7,14,2,5,1,5,9,8,3,8,5,4,4,2,2,5,1,4,9,4,5,2,1,1,2,5,0,1,0,1,0,1,2,0,3,1,0,1,1,1,2,1
2022,37,206,42,42,25,25,29,23,39,37,9,28,17,20,22,7,17,13,16,22,16,19,13,8,15,13,16,17,16,9,11,11,4,13,6,4,11,5,5,7,8,9,10,7,7,12,9,8,7,6,2,1,2,9,5,5,3,10,6,8,11,3,4,6,2,3,0,1,7,1,1,1,0,0,4,1,2,2,2,2,1,0,1,0
2022,38,178,54,39,24,27,31,27,25,24,17,24,28,21,16,6,11,8,14,14,12,19,12,18,11,15,10,14,13,9,12,10,5,9,13,8,7,6,8,5,8,8,6,8,3,5,1,9,5,4,2,4,7,5,2,1,3,4,6,4,6,3,1,1,1,6,5,3,6,5,0,2,1,1,2,5,0,4,0,2,1,0,1,0
2022,39,177,79,47,25,16,40,32,26,43,18,27,34,38,28,5,19,17,17,18,10,17,14,10,20,20,9,17,18,14,18,11,14,12,12,18,7,3,4,7,10,6,5,6,13,8,5,6,7,8,4,6,5,6,6,5,6,6,4,1,7,2,3,7,3,4,6,1,4,2,1,2,3,3,2,2,0,2,0,2,0,3,0,1
2022,40,171,70,40,36,29,38,39,38,25,9,29,20,22,19,18,13,19,11,22,19,14,13,10,10,14,7,12,10,10,16,8,6,12,9,10,10,7,2,9,6,7,3,12,6,4,6,7,1,4,10,9,5,11,8,4,3,6,3,3,14,5,1,8,1,3,2,4,5,2,1,3,0,0,0,0,4,2,4,0,1,0,0,0
2022,41,200,70,62,28,33,37,32,31,27,23,27,25,24,19,7,12,13,14,9,17,10,14,27,6,22,11,14,24,14,16,16,5,12,12,16,9,7,11,11,7,6,1,9,7,7,8,2,4,9,8,9,4,5,5,5,8,8,0,1,10,1,1,6,3,3,5,2,4,2,2,1,1,2,2,1,3,0,5,2,1,0,2,0
2022,42,226,54,27,32,34,34,38,25,21,16,25,27,20,9,10,20,15,14,11,13,23,8,18,10,19,8,14,14,13,20,11,9,7,14,5,6,10,8,8,7,5,6,6,7,3,4,8,4,4,4,8,5,2,5,3,6,1,3,4,9,3,3,4,3,3,4,1,3,2,2,2,0,2,1,0,2,2,2,1,0,1,1,0
2022,43,222,65,38,29,28,22,35,31,24,16,22,22,27,18,12,13,19,15,7,4,14,9,16,10,17,12,18,7,10,18,12,10,20,8,9,6,7,7,12,9,10,2,13,4,7,8,7,6,3,14,8,8,6,1,3,5,5,5,4,9,2,6,8,2,2,6,5,3,4,4,0,5,5,1,3,2,2,0,0,1,0,0,0
2022,44,169,83,50,27,22,22,30,19,23,19,31,21,20,19,9,10,12,18,12,19,13,20,51,20,7,11,19,9,13,10,22,7,15,11,9,6,13,5,9,5,5,4,7,9,6,5,10,6,4,2,11,6,8,9,2,2,7,0,4,9,6,4,6,4,2,1,5,1,2,0,0,1,0,1,3,2,2,2,0,1,2,2,0
2022,45,161,63,36,13,26,32,33,26,28,10,14,19,26,13,6,7,15,13,7,13,13,9,11,12,12,10,14,12,6,21,9,5,15,9,6,8,6,4,6,6,11,10,10,2,8,7,8,1,8,1,5,6,8,5,6,2,3,6,6,7,0,3,6,3,4,3,1,2,5,1,3,1,1,0,2,2,2,0,2,2,0,0,0
2022,46,179,52,39,30,21,36,30,30,30,15,27,11,30,15,5,8,24,19,7,18,14,9,10,15,11,11,12,19,7,21,10,9,16,12,19,2,7,7,11,6,10,2,6,4,8,7,8,6,3,3,8,2,6,4,1,3,4,1,1,5,5,1,7,3,3,4,1,1,5,0,3,2,2,0,2,3,4,0,2,1,0,1,0
2022,47,189,53,29,35,26,25,29,33,24,15,18,21,25,14,9,23,23,19,9,8,8,7,13,8,15,8,9,11,7,9,6,3,15,10,5,9,6,16,5,2,10,6,3,7,8,6,11,8,5,3,7,5,4,4,2,5,2,1,11,8,3,3,0,4,4,3,4,6,2,1,1,1,0,2,3,0,0,1,0,0,0,1,0
2022,48,201,67,36,21,31,13,30,34,28,21,24,15,26,25,14,22,8,14,15,14,9,13,19,13,18,6,15,12,11,24,9,9,10,22,12,7,7,6,13,6,10,10,6,9,5,8,9,3,4,2,3,4,6,7,3,2,5,7,3,13,5,7,5,2,4,1,1,2,2,4,0,2,0,1,0,2,1,0,2,1,1,0,0
2022,49,188,58,33,25,32,24,45,36,29,19,24,21,18,21,11,8,23,12,18,18,18,20,11,12,17,18,14,14,15,16,11,12,5,9,6,10,8,7,8,4,12,6,3,8,5,13,4,7,5,5,10,5,7,7,4,4,3,4,3,6,5,4,5,1,2,6,5,3,3,1,2,2,0,2,2,4,2,0,3,1,0,0,0
2022,50,191,70,42,45,32,35,39,25,20,13,22,27,14,26,11,16,22,19,16,8,14,9,8,22,20,11,13,16,8,11,11,4,13,8,12,4,10,4,5,4,8,4,4,4,6,7,6,4,5,1,5,8,6,2,4,4,6,3,8,8,5,4,4,3,2,4,3,3,4,2,2,1,2,0,2,0,2,1,2,0,1,0,0
2022,51,174,34,32,21,21,22,28,19,23,10,23,15,16,24,7,13,23,14,17,8,10,13,8,16,9,7,10,10,5,12,12,6,9,7,6,14,11,3,3,7,3,7,7,2,7,1,6,3,6,5,9,4,5,0,9,2,4,2,5,9,3,5,6,2,4,3,1,6,2,2,2,1,0,2,0,3,2,0,0,2,1,0,0
2022,52,167,63,37,36,35,22,31,26,23,16,34,31,26,63,22,18,16,19,22,12,24,7,11,22,26,16,13,19,17,10,12,5,14,9,3,4,9,7,12,3,9,3,5,9,1,8,2,4,7,2,8,5,4,8,4,7,4,4,5,10,2,5,5,1,2,2,2,1,7,0,1,2,0,2,2,1,0,1,1,0,2,1,0
2023,1,151,43,32,20,36,22,27,19,24,12,20,18,16,24,9,12,14,25,12,10,16,8,11,17,12,11,6,10,12,11,13,2,7,10,4,2,7,3,9,5,8,1,6,2,2,4,11,6,4,5,4,5,5,4,4,1,4,5,4,3,1,2,7,9,2,6,1,1,3,3,2,0,0,1,2,1,1,2,1,0,1,1,0
2023,2,159,52,31,30,32,23,25,28,17,18,18,12,21,33,11,6,27,13,21,10,22,11,11,10,9,11,8,11,9,8,16,5,9,4,15,9,8,6,11,8,4,3,8,2,4,6,8,7,4,5,1,4,6,6,3,4,4,5,5,13,4,4,5,2,2,4,4,3,3,1,7,0,2,2,2,3,0,0,1,0,1,1,0
2023,3,174,57,34,28,25,29,27,22,18,18,36,16,24,67,6,9,18,14,12,5,15,10,5,16,15,14,10,12,6,16,7,5,9,9,8,7,7,6,8,2,4,8,6,3,3,6,6,2,6,6,7,2,9,3,5,4,2,4,3,5,1,4,4,2,4,2,1,2,1,3,3,2,0,1,1,1,0,0,1,0,1,0,0
2023,4,154,54,48,28,32,29,26,28,26,13,24,17,22,42,8,12,18,19,14,5,9,13,15,22,15,10,9,17,8,15,6,7,9,10,4,13,9,10,7,5,3,6,6,4,4,7,10,5,8,22,3,5,5,7,2,1,1,3,8,8,5,7,4,3,1,2,3,5,1,0,1,1,0,3,3,1,0,1,1,0,1,4,1
2023,5,183,47,34,33,30,28,29,21,23,16,25,17,17,22,9,12,22,15,10,10,15,20,13,22,18,7,11,11,11,18,26,8,9,7,10,5,3,3,4,4,8,10,8,4,11,7,13,3,5,41,6,3,3,8,3,3,4,4,2,2,3,4,0,3,2,3,2,2,1,2,2,1,0,0,4,2,0,0,1,1,1,1,0
2023,6,183,52,40,35,31,20,37,43,16,19,15,21,28,27,17,16,8,16,20,6,15,16,15,13,10,11,8,11,8,14,8,11,8,4,8,9,2,4,4,5,3,11,6,7,5,6,8,4,7,4,5,8,5,9,5,3,4,4,4,7,6,8,3,1,2,3,3,3,2,0,0,1,1,2,1,1,1,1,0,0,0,1,0
2023,7,180,59,44,40,29,31,24,27,23,12,24,14,29,20,22,9,24,16,7,10,17,8,8,23,13,10,5,6,7,13,4,14,10,7,15,7,7,5,10,9,7,7,8,3,3,11,8,8,5,4,5,6,9,8,5,4,1,2,3,9,5,10,3,5,4,4,2,6,3,1,1,6,2,1,2,1,1,2,4,0,0,0,4
2023,8,189,63,38,37,24,20,35,17,17,16,33,26,21,17,11,13,21,17,16,11,25,10,6,24,18,7,12,8,10,11,9,12,12,5,3,3,2,9,8,6,10,2,5,6,5,6,14,3,6,8,8,6,5,11,1,2,4,7,5,8,5,2,0,1,4,1,2,3,1,2,1,2,1,1,1,2,2,0,1,0,2,1,1
2023,9,182,70,37,35,26,31,42,20,31,18,49,17,27,15,15,18,16,14,15,15,15,16,11,22,12,17,12,21,8,16,10,7,6,9,8,11,10,5,5,4,7,6,11,7,3,4,2,3,8,5,7,7,8,1,4,2,5,2,5,13,2,5,4,5,7,1,3,6,1,3,2,5,2,1,1,0,1,0,1,0,2,0,0
2023,10,186,91,42,28,31,24,34,24,19,16,29,7,16,16,22,17,13,9,12,9,10,14,12,11,13,7,4,10,11,6,13,6,22,9,11,3,5,10,6,8,7,2,6,4,4,5,5,5,8,6,7,6,10,5,8,0,4,6,8,12,4,7,5,5,3,3,2,7,3,1,3,4,2,0,1,0,1,2,4,0,3,0,0
2023,11,183,55,41,37,24,29,37,25,20,19,32,16,23,16,13,8,25,9,8,11,9,15,9,16,9,13,10,12,12,12,8,5,11,5,13,8,6,4,10,8,9,12,5,7,5,7,7,5,3,9,6,7,8,6,2,3,2,3,3,14,5,4,2,7,1,3,3,5,2,3,3,2,1,0,1,1,3,1,2,0,0,1,2
2023,12,176,47,29,33,26,25,34,31,20,21,17,19,22,23,9,12,8,17,11,12,11,15,9,23,20,7,12,12,11,14,17,5,10,6,7,8,3,3,10,6,7,5,5,5,6,6,7,5,9,4,5,8,9,2,1,2,8,4,0,9,1,1,1,6,5,6,1,6,1,1,0,2,0,1,1,2,0,0,2,0,1,0,1
2023,13,215,49,43,31,18,23,32,26,13,17,41,12,28,18,16,13,16,23,12,20,7,15,9,11,17,6,10,12,10,10,9,8,13,6,8,2,4,9,6,5,6,11,7,7,3,7,3,4,4,2,4,4,9,5,7,1,3,3,6,10,0,3,8,3,2,4,1,3,1,4,3,1,3,0,0,0,1,0,0,1,0,0,0
2023,14,123,34,28,27,34,29,31,23,12,13,13,14,23,26,16,10,18,15,14,12,8,8,5,18,18,5,5,15,5,9,8,2,8,8,6,5,8,3,9,4,1,4,4,5,2,8,5,4,3,1,1,2,2,8,3,3,1,4,1,11,4,3,2,3,4,1,2,5,2,2,3,0,1,3,1,1,0,0,1,0,1,0,1
2023,15,179,59,42,22,27,27,35,32,24,18,24,12,36,16,17,7,19,12,11,10,14,14,4,11,19,8,14,16,6,17,12,4,10,12,14,11,3,7,9,12,10,6,10,4,6,3,5,5,8,6,5,6,5,7,6,7,1,1,4,8,4,5,5,4,2,1,1,1,1,2,4,0,1,1,2,3,2,1,0,0,0,0,0
2023,16,182,64,35,33,32,32,33,28,28,22,20,17,21,10,16,15,12,17,17,9,17,7,11,13,24,7,6,8,6,7,6,6,4,5,10,7,4,7,4,12,7,8,4,5,6,6,4,12,10,8,6,8,10,4,5,4,2,1,6,7,3,4,2,4,0,3,2,2,1,0,1,1,2,1,2,1,1,0,0,0,1,1,0
2023,17,148,44,23,36,27,24,26,22,13,42,28,11,22,16,16,10,8,8,11,9,10,21,11,8,22,9,13,7,5,11,16,4,8,6,5,4,4,3,14,10,6,7,4,4,2,5,6,9,3,4,4,1,5,2,6,1,2,0,2,5,1,1,4,2,3,2,3,3,2,0,3,4,3,1,1,3,2,1,0,2,0,0,0
2023,18,194,59,50,29,28,27,35,20,17,13,21,14,16,25,16,10,14,11,13,12,7,17,8,9,19,6,13,6,5,14,7,8,6,4,9,5,3,6,8,6,12,4,6,9,4,6,9,5,12,11,5,5,7,5,1,5,4,4,4,9,4,2,6,3,2,2,0,1,1,2,4,3,1,2,2,0,3,1,1,0,1,0,0
2023,19,177,60,44,28,24,30,37,18,21,24,39,17,19,14,12,9,16,10,9,13,17,13,13,6,15,13,15,10,5,7,9,8,16,12,10,9,4,5,7,6,9,8,4,8,5,3,6,9,7,5,12,5,8,6,7,1,3,2,2,12,2,2,3,9,4,1,2,4,2,2,1,2,3,2,0,4,0,0,1,1,1,1,0
2023,20,182,47,33,27,22,25,34,26,25,19,24,20,20,17,8,8,21,13,12,13,9,13,14,11,8,9,10,11,4,6,4,5,5,3,8,6,1,8,6,6,5,6,6,6,1,7,8,6,5,5,4,5,18,5,2,4,3,8,4,11,4,4,2,4,3,0,1,7,1,1,0,3,2,0,1,1,0,1,2,1,0,1,1
2023,21,80,38,18,18,11,12,25,14,10,6,19,13,17,7,10,8,10,9,7,10,3,9,7,12,4,2,5,7,4,2,4,12,8,2,2,3,1,2,1,1,0,5,2,7,3,0,2,0,1,2,3,3,5,5,2,6,2,1,1,7,0,3,2,2,4,0,1,3,2,1,1,1,0,0,0,0,0,1,1,0,0,0,2
